r,tau,nur,nu_r,Jtau,Jr,T,mu,alpha,ur,v,n,ok,kappa,tau_n
0.04166666666666667,5.0082810452520645,-3.0226969999308965e-5,-3.0226969999308965e-5,0.016030418696308404,1.95912171040687e-5,0.2531001565089722,0.1275338730574631,0.5038869782482419,0.003107725174755636,0.0031077101677282103,0.01603043522254021,true,0.0061992605953269785,0.13106080900336872
0.12499999999999999,5.0082810452520645,-9.068090999792687e-5,-9.068090999792687e-5,0.016030418696308404,5.8840215636639525e-5,0.25306891362434025,0.12767213351557952,0.5044955213467988,0.009327251124044342,0.00932684542622091,0.016030567167760922,true,0.006197909343717401,0.13108759785111088
0.20833333333333331,5.0082810452520645,-0.00015113730507703755,-0.00015113730507703755,0.01612752578802306,9.986922534138812e-5,0.2530025449202405,0.12794670734483957,0.5057131238943664,0.015563473727384425,0.015561589164094506,0.016127924576167837,true,0.006194570675487807,0.13114453586524985
0.2916666666666667,5.0082810452520645,-0.00021149214572382399,-0.00021149214572382399,0.01616067168530106,0.00014126353171427168,0.25290172030650554,0.1283571946494304,0.5075378470888503,0.02182699885317202,0.02182180132399659,0.01616143748442225,true,0.006189337252391113,0.13123111435510543
0.375,5.0082810452520645,-0.0002717091803366343,-0.0002717091803366343,0.016162906625787104,0.000182960855930485,0.2527667191007328,0.12890268348722891,0.5099669922758245,0.028128293217768323,0.02811717225135801,0.016164153037906664,true,0.006182230480326587,0.13134719286355295
0.4583333333333333,5.0082810452520645,-0.00033175237979360476,-0.00033175237979360476,0.01614662494192977,0.00022500197090639875,0.2525977652881498,0.12958189578220777,0.5129969999314435,0.03447723859055656,0.03445676563893703,0.016148461230085304,true,0.0061732549377299835,0.13149271135958623
0.5416666666666666,5.0082810452520645,-0.00039159291529386204,-0.00039159291529386204,0.01611689950509742,0.0002674275214157096,0.2523947580096031,0.13039309293659368,0.5166236175619483,0.04088360689700609,0.04084948182314801,0.0161194299311647,true,0.00616235536631834,0.13166792308020614
0.6249999999999999,5.0082810452520645,-0.0004511911766423685,-0.0004511911766423685,0.016075941460215407,0.0003102671061002744,0.2521576881387318,0.13133431757236252,0.52084201176569,0.04735653697625271,0.04730352425621114,0.016079264476718008,true,0.006149485814902611,0.13187303704055006
0.7083333333333333,5.0082810452520645,-0.0005104984313594348,-0.0005104984313594348,0.016024617007688233,0.00035352588263095047,0.2518866519015596,0.1324033335713889,0.5256464865122497,0.0539044082617076,0.05382626389626774,0.016028824763190425,true,0.006134610296810823,0.1321082058617737
0.7916666666666666,5.0082810452520645,-0.0005694700180469363,-0.0005694700180469363,0.01596341373411513,0.00039720052466621423,0.2515814770837792,0.1335974829853462,0.5310306805331971,0.06053574160387525,0.0604251266157168,0.015968591729472896,true,0.006117643016959307,0.13237385079276504
0.8749999999999999,5.0082810452520645,-0.0006280422026594567,-0.0006280422026594567,0.01589260960531548,0.0004412881024122126,0.2512421153070552,0.13491391232984326,0.5369876470151448,0.06725840486244418,0.06710679087187052,0.01589883535386613,true,0.006098513383114362,0.132670323208588
0.9583333333333331,5.0082810452520645,-0.0006861331809356016,-0.0006861331809356016,0.015812358777071683,0.0004857823968422519,0.25086865296508876,0.13634947840557063,0.5435094293129769,0.07407950605232051,0.0738770730873702,0.015819700214390716,true,0.006077165451025927,0.13299789415221375
1.0416666666666667,5.0082810452520645,-0.0007436604225823705,-0.0007436604225823705,0.015722988904696207,0.0005306940583442348,0.2504609376060802,0.1379005913804037,0.5505872201009281,0.08100653353806316,0.08074204969243105,0.015731502451315424,true,0.006053498170695529,0.1333570826276399
1.125,5.0082810452520645,-0.0008005193785034245,-0.0008005193785034245,0.015624661805219674,0.0005760302614721218,0.250018974172587,0.13956344321937025,0.5582114064792147,0.08804626527554174,0.08770696304602876,0.015634389893400012,true,0.006027430869921607,0.1337483099703081
1.2083333333333333,5.0082810452520645,-0.0008565851146332183,-0.0008565851146332183,0.015517282315720452,0.0006217767201529591,0.24954293672089062,0.14133391159144254,0.5663711161238838,0.0952046561496556,0.0947761032328128,0.015528251396258262,true,0.005998902775278994,0.13417188735923494
1.2916666666666667,5.0082810452520645,-0.0009117308023922986,-0.0009117308023922986,0.015400893921295844,0.0006679311252229293,0.24903279591012425,0.14320739486536588,0.5750543591738387,0.10248819008293412,0.10195413442448306,0.015413111757920157,true,0.005967813643681654,0.13462834700009163
1.375,5.0082810452520645,-0.0009658106314678207,-0.0009658106314678207,0.01527549260083162,0.0007144835230686006,0.24848871474191944,0.14517904946889948,0.5842480597949188,0.10990255589568115,0.10924477576148654,0.015288945200977372,true,0.0059340890567442205,0.13511809119973855
1.4583333333333333,5.0082810452520645,-0.001018661711734886,-0.001018661711734886,0.015140962029835735,0.0007614035765508911,0.24791105572436345,0.14724371183379378,0.593937658018385,0.11745255786107323,0.11665070948785347,0.015155611088447282,true,0.005897679646793916,0.13564138179112958
1.5416666666666667,5.0082810452520645,-0.0010701212009633224,-0.0010701212009633224,0.014997463185922473,0.0008086908941409346,0.24730001072667313,0.1493957250077619,0.604107232218767,0.12514366635910765,0.12417509463094889,0.015013241578785834,true,0.005858502375256831,0.13619867358216792
1.625,5.0082810452520645,-0.001120014554045266,-0.001120014554045266,0.014845257075185046,0.0008563503437796151,0.2466559863095606,0.15162918294363406,0.6147395212753317,0.13298051009557077,0.1318200768392415,0.014862064346154951,true,0.005816503926898908,0.13679026518265472
1.7083333333333333,5.0082810452520645,-0.0011681571902784464,-0.0011681571902784464,0.014684470893534122,0.0009043609303065144,0.24597960001137462,0.15393787814146973,0.6258156291592933,0.14096681234336791,0.13958672602580915,0.01470217057570052,true,0.005771658841735518,0.1374162958748394
1.7916666666666667,5.0082810452520645,-0.0012143687323320656,-0.0012143687323320656,0.014515357223107194,0.000952719904061381,0.24527131646850245,0.15631511940631537,0.6373151237453779,0.14910709954845225,0.1474766926298543,0.014533772321748184,true,0.00572391211668101,0.13807707879043338
1.875,5.0082810452520645,-0.0012584663330556757,-0.0012584663330556757,0.014338224565653923,0.0010014188175445054,0.2445318111676618,0.15875397973260477,0.6492160630330261,0.1574050351306286,0.15549057680119963,0.014357133802770214,true,0.005673238826729754,0.1387727628936517
1.9583333333333333,5.0082810452520645,-0.001300265306165153,-0.001300265306165153,0.014153256200576836,0.0010504154389474748,0.24376195411502163,0.16124727095538002,0.6614948240827353,0.1658633664325532,0.1636278818203714,0.014172392588380931,true,0.005619640967815962,0.13950333986085892
2.0416666666666665,5.0082810452520645,-0.001339589819693056,-0.001339589819693056,0.013960734410883992,0.0010996827253118822,0.2429624618459628,0.16378735863094263,0.674126189644815,0.17448574471971234,0.17188876264336445,0.01397978126478641,true,0.00556309308899304,0.14026896960523774
2.1249999999999996,5.0082810452520645,-0.001376270234597191,-0.001376270234597191,0.013761036353076012,0.001149189335531878,0.24213423293563338,0.16636641336161573,0.6870834055333306,0.18327492016466604,0.18027228076137386,0.013779624445396196,true,0.005503597101836092,0.14106966005643495
2.208333333333333,5.0082810452520645,-0.0014101423161555836,-0.0014101423161555836,0.013554443732211206,0.0011988688514382268,0.24127832344905323,0.16897641045594072,0.7003381324954402,0.19223268814417174,0.1887763643641237,0.013572151504415781,true,0.005441178514719038,0.14190528159412652
2.2916666666666665,5.0082810452520645,-0.0014410546642616817,-0.0014410546642616817,0.013341266080048956,0.001248659043435743,0.2403956265796551,0.1716089522122567,0.7138605416991397,0.20136178256088025,0.1973996083625113,0.013357617684399517,true,0.00537583715879538,0.14277587504905975
2.3749999999999996,5.0082810452520645,-0.0014688689411379485,-0.0014688689411379485,0.013121866909261698,0.0012984828393214607,0.2394871769349916,0.1742555229563714,0.7276194290923257,0.21066395970060592,0.20613945075367093,0.013136332310435775,true,0.005307596738672667,0.14368135318990363
2.458333333333333,5.0082810452520645,-0.0014934577725136751,-0.0014934577725136751,0.012896519911131988,0.001348222768058525,0.23855412383196495,0.17690750863813043,0.741582269869886,0.2201399480390391,0.21499214652110635,0.012908518267062836,true,0.005236501269475114,0.1446215183446584
2.5416666666666665,5.0082810452520645,-0.0015147093298975636,-0.0015147093298975636,0.012665503572181184,0.001397759636740993,0.23759744755581458,0.17955603545115412,0.755715338267572,0.22979139285089953,0.2239545947428747,0.012674404077999198,true,0.005162572372537715,0.14559634428406695
2.6249999999999996,5.0082810452520645,-0.0015325292702060916,-0.0015325292702060916,0.012429169844749082,0.0014469625132140732,0.2366182322552136,0.18219222597186668,0.769983886006537,0.23961888612874352,0.23302250018082557,0.012434294439626641,true,0.005085853433306337,0.14660570063464923
2.708333333333333,5.0082810452520645,-0.0015468374247043191,-0.0015468374247043191,0.012187840005735036,0.0014956720074137898,0.23561764299788782,0.1848072304791668,0.7843522587178393,0.24962195967630052,0.24219039971703513,0.012188468659021465,true,0.0050064068340961755,0.14764936836355924
2.7916666666666665,5.0082810452520645,-0.0015575700702141417,-0.0015575700702141417,0.01194185041838386,0.0015437336161668958,0.23459668417775098,0.18739208266790314,0.7987840208598963,0.2598010882624675,0.25145351714284875,0.011937223616430365,true,0.004924278392670025,0.14872728853165434
2.8749999999999996,5.0082810452520645,-0.0015646849073633767,-0.0015646849073633767,0.011691605729960728,0.0015909854344044936,0.2335564418552368,0.18993794542988185,0.8132421607433521,0.2701557500915551,0.2608059928690652,0.011680929762547792,true,0.004839535869409215,0.14983930930408004
2.958333333333333,5.0082810452520645,-0.0015682151681381661,-0.0015682151681381661,0.011437463576975343,0.0016371832955137393,0.23249806577925206,0.19243613549339186,0.8276891889333073,0.2806844922329103,0.2702409841094535,0.01141993431183966,true,0.004752266588689084,0.15098519743832844
3.0416666666666665,5.0082810452520645,-0.0015679582494041522,-0.0015679582494041522,0.011180145275908411,0.00168242608013544,0.2314225675275186,0.1948779859960627,0.8420872176733137,0.2913869569695088,0.27975250285748093,0.011154872418945364,true,0.004662548118582779,0.15216485367559138
3.1249999999999996,5.0082810452520645,-0.001564046885823996,-0.001564046885823996,0.010918878123860888,0.0017260853146569652,0.23033102699096458,0.1972550673419652,0.8563981584196345,0.3022619772500041,0.2893337158800803,0.010885034996511181,true,0.00457048005784369,0.15337808868752406
3.208333333333333,5.0082810452520645,-0.0015565944532968405,-0.0015565944532968405,0.01065564794101078,0.0017683394495660197,0.22922457275964458,0.19955918535250747,0.8705837378166126,0.31330764494066443,0.2989770480097188,0.010612361225633516,true,0.004476180694041306,0.15462463735337648
3.2916666666666665,5.0082810452520645,-0.001545550639231898,-0.001545550639231898,0.010389815585462946,0.0018087964663637663,0.22810421310524134,0.2017822529848097,0.884605550410034,0.32452326548071553,0.3086759097143374,0.010336229979156895,true,0.004379762828798996,0.1559043461446654
3.3749999999999996,5.0082810452520645,-0.0015309817078623985,-0.0015309817078623985,0.010122074612541705,0.0018473511773475547,0.22697100215887203,0.2039164915497319,0.8984253037178611,0.33590744720031857,0.3184230338603466,0.010057332498482187,true,0.00428135862101496,0.15721698560719133
3.458333333333333,5.0082810452520645,-0.001512973558973054,-0.001512973558973054,0.009852811974718441,0.0018838040280642673,0.22582601762093224,0.20595439739282623,0.9120047351609318,0.34745813109601753,0.3282105465156985,0.009776077412039745,true,0.004181115234107037,0.15856226985351984
3.5416666666666665,5.0082810452520645,-0.0014916295810395845,-0.0014916295810395845,0.009582427689471883,0.0019179751789566244,0.22467022571205117,0.20788864228395584,0.9253057080665266,0.3591744700220898,0.3380315812384985,0.009492892854513052,true,0.004079176176138288,0.159940013314886
3.6249999999999996,5.0082810452520645,-0.001467072614275651,-0.001467072614275651,0.009311356038949368,0.0019496943276968283,0.2235046124729127,0.2097122684206063,0.9382905618827981,0.3710549571387191,0.3478786982338875,0.009208250358167615,true,0.003975700490259824,0.1613499770931717
3.708333333333333,5.0082810452520645,-0.001439434384152705,-0.001439434384152705,0.00904000922319139,0.0019787942838618193,0.22233016499433542,0.21141861743687937,0.9509218753211736,0.38309747035742886,0.3577439690456633,0.008922608298157976,true,0.0038708581786534952,0.1627918872039504
3.7916666666666665,5.0082810452520645,-0.001408869307219848,-0.001408869307219848,0.008768811123879847,0.0020051270006498706,0.22114777275153538,0.21300126732739236,0.9631626160065568,0.39530112738971285,0.3676205175672146,0.008636444652746931,true,0.0037648171252759053,0.16426555501083143
3.8749999999999996,5.0082810452520645,-0.0013755485779332979,-0.0013755485779332979,0.008498204462959276,0.0020285579371563164,0.2199583290485946,0.2144542214864208,0.9749765894931953,0.4076644958322998,0.3775010549499106,0.008350264862137897,true,0.003657757476099759,0.16577075382630932
3.9583333333333326,5.0082810452520645,-0.0013396446396473894,-0.0013396446396473894,0.008228603573057745,0.0020489645397806107,0.21876271663226515,0.21577178462281357,0.9863279627557411,0.42018566285204867,0.38737797977050853,0.008064552123048428,true,0.003549866698043591,0.16730723404919026
4.041666666666667,5.0082810452520645,-0.001301351824378122,-0.001301351824378122,0.007960438892705127,0.0020662491932105813,0.2175617406739622,0.21694853302236874,0.9971814545623056,0.43286405873977724,0.39724483099207286,0.007779812043977501,true,0.003441331014711831,0.16887480915651626
4.125,5.0082810452520645,-0.0012608780548996554,-0.0012608780548996554,0.007694151274937444,0.0020803323618078565,0.21635620052871668,0.21797949714243933,1.00750288926204,0.4456987177602151,0.4070949082006655,0.007496567262966811,true,0.003332345301839547,0.17047326461581225
4.208333333333333,5.0082810452520645,-0.0012184240356053649,-0.0012184240356053649,0.007430138431538129,0.0020911499087639665,0.21514687644549504,0.21885997364715665,1.0172584295110707,0.45868832882106225,0.4169213471074585,0.007215300099036137,true,0.0032231074129036984,0.1721023735412085
4.291666666666667,5.0082810452520645,-0.0011742106750101669,-0.0011742106750101669,0.007168808805402274,0.0020986628479350193,0.21393448810719387,0.21958553130591207,1.0264148303002305,0.4718330064127088,0.426718464866468,0.0069365082104545,true,0.003113813181909827,0.17376195291194688
4.375,5.0082810452520645,-0.0011284695132348862,-0.0011284695132348862,0.006910571255015731,0.0021028501840301924,0.2127197380408642,0.22015219635950675,1.0349401441873474,0.485132558834015,0.43648043353946275,0.0066606943574996245,true,0.003004662616741473,0.17545180641577313
4.458333333333333,5.0082810452520645,-0.0010814160547357571,-0.0010814160547357571,0.006655777437369999,0.0021037058219984337,0.21150329927460448,0.2205561997931405,1.0428026444485021,0.49858650092435075,0.4462013201119909,0.006388303475583792,true,0.002895853785945267,0.1771717411414455
4.541666666666667,5.0082810452520645,-0.0010332826351300494,-0.0010332826351300494,0.006404782440017713,0.002101246332879353,0.2102857980105354,0.22079402641990337,1.0499711749855856,0.5121957981701345,0.45587634658852016,0.00611978657225965,true,0.00278758108011282,0.1789215932792218
4.625,5.0082810452520645,-0.0009843091303710653,-0.0009843091303710653,0.006157935395960981,0.0020955042508585863,0.20906783629832298,0.22086261705955657,1.0564160464376902,0.5259611143828985,0.4655006025833907,0.005855591405921987,true,0.002680039084497448,0.1807011975431939
4.708333333333333,5.0082810452520645,-0.0009347108742033817,-0.0009347108742033817,0.0059155209166119015,0.0020865253316535593,0.20784998832251678,0.22075905929381884,1.0621076338540434,0.539882742627359,0.47506902701250203,0.005596097017574566,true,0.002573417005542695,0.1825103930471594
4.791666666666667,5.0082810452520645,-0.0008847156425884561,-0.0008847156425884561,0.005677825952787754,0.0020743759095282026,0.20663281664632535,0.22048069393676428,1.0670168345725117,0.5539621941671216,0.4845775046077383,0.00534168501618713,true,0.0024679005956804233,0.18434899945299435
4.875,5.0082810452520645,-0.0008345573912145755,-0.0008345573912145755,0.005445137726509807,0.002059136646058625,0.20541689855842013,0.22002537237720585,1.0711162222840742,0.5682000110927897,0.49402136511987854,0.005092738438543689,true,0.0023636761174799592,0.1862167750950099
4.958333333333333,5.0082810452520645,-0.0007844413933088309,-0.0007844413933088309,0.005217687551139631,0.002040898271172182,0.20420286297429852,0.21939115236872628,1.0743784351169425,0.5825948787913947,0.5033948787051259,0.004849578613430725,true,0.0022609278591793343,0.18811335431515622
5.041666666666667,5.0082810452520645,-0.0007345861711388219,-0.0007345861711388219,0.004995721255547963,0.0020197653944020876,0.20299148917999454,0.21857656598967787,1.0767769962801932,0.5971437838070524,0.5126914783294408,0.00461254331072613,true,0.0021598466354968556,0.19003807952489737
5.125,5.0082810452520645,-0.0006852253645414979,-0.0006852253645414979,0.004779506951206198,0.0019958471395367426,0.20178379833131377,0.21758110750986553,1.0782882932583804,0.6118376530605699,0.5219011663301308,0.004381999850232857,true,0.00206063785212112,0.1919898282618979
5.208333333333333,5.0082810452520645,-0.000636574665254668,-0.000636574665254668,0.0045692831622301385,0.0019692505297526364,0.2005811708575383,0.21640512674892526,1.07889053505738,0.6266580532494247,0.5310088853634263,0.0041582888490704914,true,0.001963523021019232,0.19396678058838912
5.291666666666667,5.0082810452520645,-0.0005888795119479742,-0.0005888795119479742,0.004365322755749053,0.0019400807927486628,0.1993855267457133,0.21505043398123583,1.0785659194586414,0.6415749369920015,0.5399937518173346,0.003941800339884794,true,0.0018687508671040827,0.1959660583795571
5.375,5.0082810452520645,-0.0005424221563574577,-0.0005424221563574577,0.004167929224111784,0.001908436517130599,0.19819930261123117,0.21352099910306482,1.077304492447621,0.6565430075385699,0.5488276339866736,0.0037329750608060142,true,0.0017765922882969085,0.1979836792776754
5.458333333333333,5.0082810452520645,-0.0004974744397420451,-0.0004974744397420451,0.003977357100845409,0.0018744181419150891,0.19702526171832743,0.21182254406409534,1.0751034776795398,0.6715041878157927,0.5574774566466202,0.0035322081748621844,true,0.001687314771719041,0.20001480301576796
5.541666666666667,5.0082810452520645,-0.0004543204662604317,-0.0004543204662604317,0.0037938307228526673,0.0018381424488575259,0.19586628412222357,0.2099625377692798,1.0719687602704504,0.6863941891630515,0.5659095742722863,0.003339863523485319,true,0.001601163579577142,0.20205404500392526
5.625,5.0082810452520645,-0.00041323219678106706,-0.00041323219678106706,0.0036175108760325043,0.0017997583933639619,0.19472481197734606,0.20794976132614393,1.0679160976688293,0.7011518258485048,0.5740951274858889,0.0031562216749089394,true,0.001518323744203722,0.2040964500701791
5.708333333333333,5.0082810452520645,-0.0003743889546646931,-0.0003743889546646931,0.0034484195093043074,0.0017594578106117763,0.19360257596560182,0.20579273333843637,1.0629648511236773,0.7157259049963319,0.5820134098150276,0.002981374224937974,true,0.0014388985322868967,0.20613805250148554
5.791666666666667,5.0082810452520645,-0.00033790502348178157,-0.00033790502348178157,0.003286498598883178,0.001717459195776819,0.19250094050784655,0.20349962097509364,1.0571357232761092,0.730070539822735,0.589648668960798,0.0028152953819471386,true,0.0013629382450782374,0.20817533521638837
5.875,5.0082810452520645,-0.0003038384867074613,-0.0003038384867074613,0.0031316309216843736,0.0016739871400707836,0.19142104942572583,0.20107864221954333,1.050452094076335,0.7441381383565134,0.5969860334996172,0.0026578742908493114,true,0.0012904573252282851,0.21020500724316715
5.958333333333333,5.0082810452520645,-0.00027219640792411,-0.00027219640792411,0.002983645231902642,0.0016292530096694185,0.19036408840079028,0.19853787154279964,1.0429376318331658,0.7578723813845766,0.6040078771565768,0.002508930875828621,true,0.0012214502957783406,0.21222353148599002
6.041666666666667,5.0082810452520645,-0.00024293443427802702,-0.00024293443427802702,0.002842325225418351,0.0015834505083882205,0.18933156427184736,0.19588603477328087,1.034619005693221,0.7712031462276749,0.6106915386524162,0.0023682280753131954,true,0.0011559114726375414,0.21422657307727797
6.125,5.0082810452520645,-0.0002161047727210419,-0.0002161047727210419,0.0027075105171777843,0.001536738967275077,0.1883248637382764,0.19313270505423782,1.025529509064948,0.7840548589211217,0.6170137990912945,0.002235613643678038,true,0.001093814499780621,0.2162098289598466
6.208333333333333,5.0082810452520645,-0.00019150188236113073,-0.00019150188236113073,0.0025788213632345594,0.0014893035222636871,0.18734500291072276,0.1902873637400582,1.0157055741205843,0.7963545353969903,0.6229546611485992,0.002110624514478241,true,0.0010350988809724184,0.21816955407812955
6.291666666666667,5.0082810452520645,-0.0001693826874981052,-0.0001693826874981052,0.0024562498289271723,0.001441269835427735,0.18639276161371124,0.18735947833704897,1.0051864499188075,0.808031432832534,0.6284967289170661,0.0019933042917399117,true,0.000979681748589134,0.2201023466398572
6.375,5.0082810452520645,-0.00014911379618260108,-0.00014911379618260108,0.002338976382196371,0.0013927978330167234,0.18546829414165367,0.18435828366944246,0.994015093106084,0.8190272940683109,0.6336295161696464,0.001882613241788645,true,0.0009274456838003232,0.2220059954130228
6.458333333333333,5.0082810452520645,-0.00013137978652827032,-0.00013137978652827032,0.00222750306127577,0.0013440830504301059,0.18457111297975157,0.18129203382732256,0.9822340609021049,0.8292994697320265,0.6383500892015314,0.0017791677081804306,true,0.0008782417395608235,0.2238796102722505
6.541666666666667,5.0082810452520645,-0.00011525058814408928,-0.00011525058814408928,0.00212044986696185,0.0012950749239308164,0.1837004322733371,0.17816831522708845,0.9698851168841175,0.8388132109849985,0.642658827021332,0.0016813344062843194,true,0.000831910451953498,0.22572298611343058
6.625,5.0082810452520645,-0.00010087464091332958,-0.00010087464091332958,0.0020183099679481806,0.0012462586251076183,0.1828549179227437,0.17499400738199658,0.9570101223962247,0.8475493056909617,0.6465623990854058,0.001589445306574468,true,0.0007882765082098924,0.22753718679079799
6.708333333333333,5.0082810452520645,-8.907233479866173e-5,-8.907233479866173e-5,0.001920969430670981,0.0011973393568591331,0.1820327759830488,0.1717750018279542,0.9436487517168346,0.8555033574252545,0.650072909691388,0.0015036898224799647,true,0.0007471552375579311,0.22932442923962837
6.791666666666667,5.0082810452520645,-7.724045553266831e-5,-7.724045553266831e-5,0.0018261057926614297,0.0011485340359396912,0.18123207516839657,0.1685166339895713,0.9298389031466402,0.8626756395805852,0.6532031053273609,0.0014208984643038088,true,0.0007083681618940801,0.23108743150744573
6.875,5.0082810452520645,-6.811491905937963e-5,-6.811491905937963e-5,0.001736970978925941,0.0011005947316390448,0.18045052995301492,0.1652236651255643,0.9156175111737531,0.8690786158209975,0.6559695492531946,0.001344768619803598,true,0.0006717370209828438,0.23282991574251535
6.958333333333333,5.0082810452520645,-6.080355013961811e-5,-6.080355013961811e-5,0.0016505078789144697,0.001052234510657131,0.1796855766014937,0.161900313455232,0.9010200847355389,0.8747355269815289,0.6583918572192629,0.0012724280956525644,true,0.0006370879367472776,0.23455648156967746
7.041666666666667,5.0082810452520645,-5.1526125063351474e-5,-5.1526125063351474e-5,0.0015651822304416066,0.0010047370140511393,0.17893457964924328,0.1585506411324607,0.8860816139801473,0.879670977718558,0.6604886580006546,0.0012007479681254549,true,0.0006042595125843408,0.23627216714039118
7.125,5.0082810452520645,-4.741623481663916e-5,-4.741623481663916e-5,0.001487688803845112,0.0009586492512454087,0.1781946495140077,0.1551784636403874,0.8708368296332543,0.8839186089167603,0.662280956324916,0.001138187923540809,true,0.000573097094013717,0.2379828816368974
7.208333333333333,5.0082810452520645,-4.286230755300072e-5,-4.286230755300072e-5,0.0014090647033866625,0.0009113491137761818,0.17746268883518942,0.15178764176311366,0.8553214355051257,0.8875199553922468,0.6637917009017272,0.0010751436241312016,true,0.0005434553528671984,0.2396953314399587
7.291666666666667,5.0082810452520645,-3.476622342324384e-5,-3.476622342324384e-5,0.0013314460349635475,0.0008660787379367616,0.1767354628559728,0.14838238195905473,0.8395733349790478,0.8905168531241987,0.6650427201338942,0.0010115978807134,true,0.0005152008450885848,0.24141688421012938
7.375,5.0082810452520645,-3.350924076514751e-5,-3.350924076514751e-5,0.001261965030473874,0.0008218983347779401,0.17600947869127312,0.144967017663133,0.8236318790388005,0.89295863467004,0.6660578909969509,0.000957947593909736,true,0.00048820798311424853,0.24315588551611142
7.458333333333333,5.0082810452520645,-3.067546241019975e-5,-3.067546241019975e-5,0.001190649164264759,0.0007769658660636112,0.17528101102462257,0.14154655300710367,0.807540715218832,0.8949012681650164,0.666862906345685,0.0009024921041064891,true,0.00046236125805270426,0.24492164405144182
7.541666666666667,5.0082810452520645,-2.4973169915623373e-5,-2.4973169915623373e-5,0.0011210956218789658,0.0007344656899400166,0.1745460255413531,0.13812683059106096,0.7913490448302201,0.8964019322476046,0.6674831781805332,0.0008472079683624192,true,0.0004375537575584338,0.24672467186826644
7.625,5.0082810452520645,-2.49303377401431e-5,-2.49303377401431e-5,0.0010585200877439292,0.0006932271528868182,0.17380014932215454,0.13471405679986642,0.7751089819270611,0.8975250044522413,0.6679464722120291,0.0008001531846628075,true,0.00041368547186604576,0.24857683021443655
7.708333333333333,5.0082810452520645,-2.496696022050553e-5,-2.496696022050553e-5,0.0009980513146970265,0.0006531638021970211,0.1730386885761084,0.13131559980715796,0.75887999896278,0.8983413441266771,0.6682827451214006,0.0007548698129626569,true,0.00039066593914987164,0.2504913736981446
7.791666666666667,5.0082810452520645,-2.5114171446031512e-5,-2.5114171446031512e-5,0.0009396578699799079,0.0006142929412197745,0.1722563808539796,0.12793992082890016,0.7427296463249964,0.8989254824368939,0.6685231166927394,0.0007113015763358266,true,0.00036840945358685416,0.2524836879190434
7.875,5.0082810452520645,-2.557750920218012e-5,-2.557750920218012e-5,0.000883178802858551,0.0005764430015447614,0.17144748897987128,0.12459564451235135,0.7267277301855348,0.8993599407971477,0.6687017595529497,0.000669387731694321,true,0.000346835973522917,0.25457121116909776
7.958333333333333,5.0082810452520645,-2.5945670467849452e-5,-2.5945670467849452e-5,0.0008281851723502625,0.0005395980320608795,0.1706058189256693,0.12129266773916292,0.7109527008103312,0.8997347408458373,0.6688557788105499,0.0006285671507994272,true,0.0003258747672090221,0.2567735682922736
8.041666666666666,5.0082810452520645,-2.6469750583942635e-5,-2.6469750583942635e-5,0.000775211223802843,0.0005040140675992734,0.1697242495478699,0.11804175255550306,0.6954913801059992,0.9001480250003382,0.6690255128211225,0.0005893295363093385,true,0.00030545671866805563,0.2591140440507025
8.124999999999998,5.0082810452520645,-2.77667268274193e-5,-2.77667268274193e-5,0.0007242061355902041,0.0004693489680643578,0.16879498689214714,0.11485291106345144,0.6804284486057491,0.9007082895201377,0.6692554440097701,0.0005519164203058695,true,0.0002855181714877002,0.26161925453776225
8.208333333333332,5.0082810452520645,-2.8914308164937654e-5,-2.8914308164937654e-5,0.0006736222899775403,0.0004351030422508314,0.1678095838140853,0.111737057073978,0.6658562314162608,0.9015340879543327,0.6695939994657112,0.0005146975101836348,true,0.0002660062965548044,0.26431948017768503
8.291666666666666,5.0082810452520645,-2.935017049720788e-5,-2.935017049720788e-5,0.000623857820924697,0.00040187310838193376,0.16675816813790909,0.10870522327489945,0.6518734553680164,0.902758890121154,0.6700953683527335,0.0004776727026429723,true,0.0002468690666693101,0.2672513116632718
8.374999999999998,5.0082810452520645,-3.0721314389608944e-5,-3.0721314389608944e-5,0.0005769124416014479,0.00037010688219130003,0.1656299262982494,0.10576604639493636,0.6385684565510444,0.9045299650393404,0.6708187336615925,0.0004431342377512899,true,0.00022806287545054557,0.27045706534221065
8.458333333333332,5.0082810452520645,-3.3047830296512016e-5,-3.3047830296512016e-5,0.0005302884330355331,0.00033813061618996035,0.16441316281647067,0.10292846842023742,0.6260354503071831,0.9070071555547063,0.6718272975794584,0.00040923430891729573,true,0.00020956083668812915,0.2739854781306749
8.541666666666666,5.0082810452520645,-3.318717175548186e-5,-3.318717175548186e-5,0.0004824983777461812,0.0003066664308031569,0.16309418217292262,0.10020063047817966,0.6143728068236101,0.9103715919419774,0.6731911355536949,0.0003733130576204308,true,0.0001913416669351858,0.2778961419391209
8.624999999999998,5.0082810452520645,-3.316610718773931e-5,-3.316610718773931e-5,0.00043570001041143335,0.00027603438456565464,0.16165821755919735,0.09758621976861077,0.6036576503317924,0.9148169729588095,0.6749826777988613,0.0003379916430205062,true,0.00017340235971786982,0.2822584518331442
8.708333333333332,5.0082810452520645,-3.3067623810639104e-5,-3.3067623810639104e-5,0.00039010787078802567,0.0002463098208158307,0.16008973899528928,0.09508902151369168,0.5939732434474749,0.920542403297415,0.6772726322222459,0.0003034922059274294,true,0.00015577021544041153,0.28715258240477814
8.791666666666666,5.0082810452520645,-3.276047073802312e-5,-3.276047073802312e-5,0.000345704560411497,0.00021751822119361782,0.1583711475497605,0.09271151120847898,0.5854065759001263,0.9277586167298781,0.6801310633347263,0.00026976703575528303,true,0.00013849113985861094,0.29267612467484794
8.874999999999998,5.0082810452520645,-3.202318613748352e-5,-3.202318613748352e-5,0.00030257937355913266,0.0001897896362390608,0.15648467694632381,0.09044961000280752,0.5780093729805433,0.9366579565349448,0.6836139761371878,0.0002368130445366787,true,0.00012164539765109524,0.2989414842989006
8.958333333333332,5.0082810452520645,-3.081113854150937e-5,-3.081113854150937e-5,0.0002611740150183506,0.00016338518588038348,0.15441342382626158,0.08829977946023942,0.5718400464948566,0.9473843492072345,0.687750741669124,0.00020498156274630793,true,0.00010535785624747559,0.3060761104676784
9.041666666666666,5.0082810452520645,-2.919405929294359e-5,-2.919405929294359e-5,0.00022202583859517544,0.0001385685253185621,0.15214035840353288,0.0862566927710944,0.5669547099548007,0.9600116121615041,0.6925361874700969,0.0001747505785203802,true,8.977960069573638e-5,0.3142303436676345
9.124999999999998,5.0082810452520645,-2.7190414453520652e-5,-2.7190414453520652e-5,0.00018552189249769604,0.00011552915926863379,0.14965208146623887,0.08430524438319514,0.5633416091323407,0.9744593914362646,0.697901618864117,0.00014646025783773172,true,7.509479742748846e-5,0.3235692661189507
9.208333333333332,5.0082810452520645,-2.4740307034859197e-5,-2.4740307034859197e-5,0.00015200764847425347,9.447702279152046e-5,0.14694162364001712,0.08243036038787294,0.5609735236750466,0.9904078253239142,0.7036909202743973,0.00012037195868014215,true,6.151518875424113e-5,0.33426575681959064
9.291666666666666,5.0082810452520645,-2.1774246101441125e-5,-2.1774246101441125e-5,0.00012199850319038983,7.576617956470027e-5,0.14400979266070746,0.0806152389521387,0.5597899799916473,1.0072063971940444,0.7096409062981013,9.684253985863998e-5,true,4.9248079646829395e-5,0.34649645840433113
9.374999999999998,5.0082810452520645,-1.841528489195493e-5,-1.841528489195493e-5,9.620907871839487e-5,5.983205752485352e-5,0.1408728528661114,0.07883990564939712,0.559652935575375,1.0237472548795457,0.7153549351411631,7.643228545312685e-5,true,3.848274544274253e-5,0.36040563376679446
9.458333333333332,5.0082810452520645,-1.5071845776950292e-5,-1.5071845776950292e-5,7.523027335413639e-5,4.693711226583906e-5,0.1375673612318071,0.07711598485880071,0.5605689036141128,1.0384267779792598,0.7203086122981269,5.971432878826227e-5,true,2.936003689893777e-5,0.3760655528251185
9.541666666666666,5.0082810452520645,-1.2265694393574085e-5,-1.2265694393574085e-5,5.909006877619139e-5,3.693521159580738e-5,0.13415047584834522,0.07553236440743318,0.5630420908295637,1.0491957222000887,0.7238739554484948,4.689392545959935e-5,true,2.1931017979254133e-5,0.3934408153775339
9.624999999999998,5.0082810452520645,-1.0351224747166588e-5,-1.0351224747166588e-5,4.710110025072853e-5,2.926267723218673e-5,0.13069773647214444,0.0743358253858072,0.5687613832673404,1.053853572341159,0.7253983255138188,3.7589569385194716e-5,true,1.6139009709864575e-5,0.4123513300652102
9.708333333333332,5.0082810452520645,-9.319825646339587e-6,-9.319825646339587e-6,3.811029058300503e-5,2.317356749844968e-5,0.1272904621511313,0.0740416972821266,0.5816751391334983,1.0505434173344588,0.7243161084695213,3.093008114527496e-5,true,1.182036615471e-5,0.43248889321221545
9.791666666666666,5.0082810452520645,-8.861480069041776e-6,-8.861480069041776e-6,3.097207941599428e-5,1.8041360651957e-5,0.12400213100270822,0.07545592163371083,0.6085050395792219,1.0381291916797593,0.7202092691350017,2.5914732902817485e-5,true,8.734580169707083e-6,0.45346491952446155
9.874999999999998,5.0082810452520645,-8.607335505011245e-6,-8.607335505011245e-6,2.491942156503383e-5,1.3531291518601911e-5,0.12088757506902398,0.0794842426505364,0.6575054765152891,1.0165199574431263,0.7128756978818034,2.1778841489053403e-5,true,6.608281368011743e-6,0.47487902887790645
9.958333333333332,5.0082810452520645,-8.325726431665078e-6,-8.325726431665078e-6,1.96412216441483e-5,9.574912964361014e-6,0.11797867789378427,0.08671035217783803,0.7349662983670915,0.9865544642505357,0.7023048060905994,1.8144603308469976e-5,true,5.177419132044172e-6,0.4963803978673478
10.041666666666666,5.0082810452520645,-7.963899926625763e-6,-7.963899926625763e-6,1.5119843413156591e-5,6.2232915884962315e-6,0.11528918702546823,0.09712567831898895,0.8424526256528566,0.9495501267892952,0.6885779676968782,1.4940961108702086e-5,true,4.223024188333069e-6,0.5176795182211757
10.124999999999998,5.0082810452520645,-7.5640096499564345e-6,-7.5640096499564345e-6,1.139255844772752e-5,3.50409078853032e-6,0.11282178871365502,0.11028259759492258,0.9774937877897241,0.9070343729061725,0.6718383581578093,1.2202514887086517e-5,true,3.587198155045316e-6,0.5385332123619179
10.208333333333332,5.0082810452520645,-7.1688559025217795e-6,-7.1688559025217795e-6,8.40801484330477e-6,1.365257738268862e-6,0.11058042828044322,0.12554538161099804,1.1353309402329514,0.8605016700546047,0.6522578347864664,9.91760264712687e-6,true,3.1679661800845433e-6,0.5586626108384344
10.291666666666666,5.0082810452520645,-6.790054950410465e-6,-6.790054950410465e-6,6.039054340899486e-6,-2.9029558451538743e-7,0.1085595128613123,0.14224820814160613,1.3103246725446536,0.8112601889329442,0.6300124923742701,8.011929408793318e-6,true,2.8979193200111224e-6,0.5778598412283502
10.374999999999998,5.0082810452520645,-6.418019763894021e-6,-6.418019763894021e-6,4.167182517143464e-6,-1.544658486178767e-6,0.10670314276279667,0.159731978212492,1.4969753849479348,0.7603431698401794,0.6052564109846927,6.409423364373235e-6,true,2.7168463297582857e-6,0.596435953411281
10.458333333333332,5.0082810452520645,-6.045134509522965e-6,-6.045134509522965e-6,2.730776347244659e-6,-2.4467226856908933e-6,0.10492007834244867,0.1774586938776348,1.6913701998813546,0.7083848070877282,0.578045309951301,5.0797416712332685e-6,true,2.571421849058202e-6,0.6151884866399808
10.541666666666666,5.0082810452520645,-5.671989172028961e-6,-5.671989172028961e-6,1.701120177664324e-6,-3.0338877541200095e-6,0.10314757120442906,0.19516405287680752,1.892085781545066,0.6556814749477624,0.5483240782483898,4.023449675956036e-6,true,2.4324810351622982e-6,0.6347751863697481
10.624999999999998,5.0082810452520645,-5.30178204501003e-6,-5.30178204501003e-6,1.0428644477387733e-6,-3.352097435248014e-6,0.10136883017247998,0.2127643337400082,2.098912785892742,0.6023737288713746,0.5159900640228672,3.2366693903052563e-6,true,2.292829772610559e-6,0.6554442437069947
10.708333333333332,5.0082810452520645,-4.937058009671827e-6,-4.937058009671827e-6,6.955797143620032e-7,-3.4605407302615052e-6,0.0995888165290662,0.23022874836160556,2.311793195116547,0.5485539002515035,0.4809450404657977,2.691653962779885e-6,true,2.153820475199119e-6,0.6772165980987541
10.791666666666666,5.0082810452520645,-4.579499669759017e-6,-4.579499669759017e-6,5.807999154894309e-7,-3.422891579838004e-6,0.09781662820975123,0.24752910529681357,2.530542197447547,0.4943089545731424,0.44312751014219565,2.3398485486061964e-6,true,2.01789625890377e-6,0.7000531931300579
10.874999999999998,5.0082810452520645,-4.2323527702142704e-6,-4.2323527702142704e-6,6.242910430186306e-7,-3.2951468359848572e-6,0.09606213965216433,0.26462981237975663,2.7547774111420638,0.43977334970073895,0.4025647851567083,2.131111252801408e-6,true,1.8872251951769142e-6,0.723885429430735
10.958333333333332,5.0082810452520645,-3.898316095892006e-6,-3.898316095892006e-6,7.611250238788705e-7,-3.1210209084906306e-6,0.09433751998318234,0.2814809013599492,2.983764057080673,0.38520495904177454,0.35945830199856077,2.0178743008266403e-6,true,1.7639405283990682e-6,0.7485863093059754
11.041666666666666,5.0082810452520645,-3.581035430015242e-6,-3.581035430015242e-6,9.447738681009234e-7,-2.93027426217895e-6,0.0926607330824586,0.2980148292670534,3.2161933038221338,0.33110265742641154,0.31432127184892855,1.965436257426973e-6,true,1.6508819829705278e-6,0.7739029691781619
11.124999999999998,5.0082810452520645,-3.285031345199294e-6,-3.285031345199294e-6,1.1477551292863742e-6,-2.741062555323324e-6,0.09105845989627132,0.31413946855190206,3.4498658214706475,0.2783398788982674,0.26814655274375554,1.9543329257349772e-6,true,1.5519759129990696e-6,0.7993803977738654
11.208333333333332,5.0082810452520645,-3.0129391961398145e-6,-3.0129391961398145e-6,1.3536302847252461e-6,-2.562619546160245e-6,0.08956654106038815,0.32972244459882,3.6813126943968095,0.22821190832294205,0.2224916828395811,1.973252199189902e-6,true,1.4719203003528604e-6,0.8243127635110598
11.291666666666666,5.0082810452520645,-2.7672193299315644e-6,-2.7672193299315644e-6,1.5514199253351875e-6,-2.399918207179938e-6,0.08822645904667659,0.34460613986586885,3.905927355460945,0.18232354137732792,0.17936667134374787,2.0145567597959167e-6,true,1.4157913905369812e-6,0.8477685236123832
11.374999999999998,5.0082810452520645,-2.548265029353111e-6,-2.548265029353111e-6,1.7364640506644322e-6,-2.2534324655232358e-6,0.08707256056040485,0.3586218608316573,4.118655274676005,0.14214116102272728,0.14072664181811062,2.0742236921980235e-6,true,1.387028825883063e-6,0.8688187462578937
11.458333333333332,5.0082810452520645,-2.353642163657064e-6,-2.353642163657064e-6,1.907302576961125e-6,-2.12062222347646e-6,0.08611886657156072,0.3716039461070561,4.315012039763328,0.10845776199570781,0.10782543613854154,2.1484856029928504e-6,true,1.385572938005292e-6,0.8868442981664355
11.541666666666666,5.0082810452520645,-2.1807616429190662e-6,-2.1807616429190662e-6,2.0594619126591405e-6,-1.9997140671031063e-6,0.08535713686372108,0.3834486222104475,4.49228542919207,0.0812348808192385,0.08096816138889919,2.2286925762693227e-6,true,1.4086171079468508e-6,0.9016677425384027
11.624999999999998,5.0082810452520645,-2.026400895619533e-6,-2.026400895619533e-6,2.1867163574183882e-6,-1.8887980763781596e-6,0.08476175277372223,0.3941348071288038,4.649913365772128,0.05973777766815146,0.05963147192701429,2.3034472424764246e-6,true,1.4514965892618035e-6,0.913527092231242
11.708333333333332,5.0082810452520645,-1.8869630789019688e-6,-1.8869630789019688e-6,2.27797154475743e-6,-1.7856898544026053e-6,0.08430182209969994,0.40371593630613944,4.788934880063244,0.04297054390296319,0.04293092689870009,2.356805739486577e-6,true,1.509538286370924e-6,0.9228570554151159
11.791666666666666,5.0082810452520645,-1.7596261182330725e-6,-1.7596261182330725e-6,2.518083680840055e-6,-1.6823938847910144e-6,0.08395093820628276,0.4123052351311232,4.9112641733438895,0.030053986969287582,0.030040423143516567,2.569783287687672e-6,true,1.5797455674321728e-6,0.9300760052311883
11.874999999999998,5.0082810452520645,-1.6418887174749404e-6,-1.6418887174749404e-6,2.666992560631625e-6,-1.5871342266446284e-6,0.08368803946831588,0.42003176377122703,5.01901784818666,0.02028146596080781,0.02027729597979863,2.699730430537934e-6,true,1.6603175975644384e-6,0.9355430752014177
11.958333333333332,5.0082810452520645,-1.5317183080864916e-6,-1.5317183080864916e-6,2.798157668046273e-6,-1.494821295783109e-6,0.08349648588492445,0.4270063810071903,5.114064100801728,0.01309347274748644,0.013092350525654498,2.8179699163818764e-6,true,1.749907899254531e-6,0.9395583463452661
12.041666666666666,5.0082810452520645,-1.4280429160157599e-6,-1.4280429160157599e-6,2.8756546572473764e-6,-1.404864922654019e-6,0.08336269285813133,0.43331443389333424,5.197941897471562,0.008028328455533317,0.00802806973886664,2.8870260465945793e-6,true,1.8471579399051897e-6,0.9423789369405904
12.124999999999998,5.0082810452520645,-1.3303591896998657e-6,-1.3303591896998657e-6,3.0490162179188196e-6,-1.3161747566273671e-6,0.08327397743213429,0.43901532057206183,5.2719388950749435,0.004642779447125637,0.004642729409448217,3.05515978823424e-6,true,1.950017688464759e-6,0.9442565500198075
12.208333333333332,5.0082810452520645,-1.238464652342776e-6,-1.238464652342776e-6,3.1488904815747747e-6,-1.2305448853974264e-6,0.08321855143385616,0.4441524426916928,5.337180653098899,0.0025126225417649115,0.0025126146103676495,3.1519923162779023e-6,true,2.0558402803725915e-6,0.9454325932463269
12.291666666666666,5.0082810452520645,-1.1523341157154476e-6,-1.1523341157154476e-6,3.319193528296909e-6,-1.1481316354646325e-6,0.0831863051188723,0.44876786415543646,5.3947325045168455,0.001265559828183295,0.0012655588146978287,3.320649215650503e-6,true,2.1619648146052697e-6,0.946117862304076
12.374999999999998,5.0082810452520645,-1.0717990942179646e-6,-1.0717990942179646e-6,3.4274298942443887e-6,-1.0697766755940857e-6,0.08316893092213157,0.4529081086323234,5.445640620971393,0.0005899598229098071,0.000589959720241311,3.4280616159653538e-6,true,2.266039687360492e-6,0.9464874060537197
12.458333333333332,5.0082810452520645,-9.964389541888737e-7,-9.964389541888737e-7,3.5322703311291146e-6,-9.955467803797932e-7,0.08316029555543004,0.4566251829352647,5.4909038007314885,0.0002525600235792684,0.0002525600155243005,3.5325218791031363e-6,true,2.3663812952516767e-6,0.9466711619131756
12.541666666666666,5.0082810452520645,-9.256574261827444e-7,-9.256574261827444e-7,3.7120109780793102e-6,-9.252900099453878e-7,0.08315638140439495,0.45997427916038375,5.531436931141804,9.897793217793904e-5,9.89779316931139e-5,3.7121025795537606e-6,true,2.4621079067323983e-6,0.946754471342397
12.624999999999998,5.0082810452520645,-8.587648287913849e-7,-8.587648287913849e-7,3.730037994440588e-6,-8.58632797944332e-7,0.08315476701464308,0.46300877944382857,5.568036518727728,3.539636094432051e-5,3.539636092214642e-5,3.7300683892537093e-6,true,2.552965502951662e-6,0.9467888356295507
12.708333333333332,5.0082810452520645,-7.950881373845232e-7,-7.950881373845232e-7,3.869931553550913e-6,-7.95043776351017e-7,0.08315416131321503,0.4657762649738768,5.601358460215204,1.1462975099378739e-5,1.1462975098625623e-5,3.869940667372179e-6,true,2.639110197048432e-6,0.9468017292404306
12.791666666666666,5.0082810452520645,-7.340638919284604e-7,-7.340638919284604e-7,3.9443883438252604e-6,-7.340506236503944e-7,0.08315395693754152,0.468316380532092,5.631919367154748,3.3638345424833297e-6,3.363834542464298e-6,3.944390813072421e-6,true,2.720884236270186e-6,0.9468060798626269
12.874999999999998,5.0082810452520645,-6.75278508409956e-7,-6.75278508409956e-7,4.008089857029692e-6,-6.752749227160309e-7,0.08315389478874088,0.4706603174714581,5.6601115157288575,8.946140212728707e-7,8.946140212725127e-7,4.00809046114171e-6,true,2.79864433417507e-6,0.9468074028538568
12.958333333333332,5.0082810452520645,-6.184763656204665e-7,-6.184763656204665e-7,4.0460261819455385e-6,-6.184755006336606e-7,0.08315387769151826,0.4728315138836778,5.686223264749887,2.1378674745659646e-7,2.1378674745659156e-7,4.046026314167497e-6,true,2.8726732740298633e-6,0.946807766811115
13.041666666666666,5.0082810452520645,-5.635482327533484e-7,-5.635482327533484e-7,4.190339506011259e-6,-5.635480394676208e-7,0.08315387348968693,0.4748469151540578,5.710460562164313,4.612650742540322e-8,4.6126507425403165e-8,4.190339532005767e-6,true,2.9431469682978015e-6,0.9468078562576665
13.124999999999998,5.0082810452520645,-5.105084497732981e-7,-5.105084497732981e-7,4.283556581414064e-6,-5.105084111289628e-7,0.08315387256145253,0.47671835479022906,5.73296636831825,9.021553581704174e-9,9.021553581704174e-9,4.283556586019643e-6,true,3.0101352291316645e-6,0.9468078760174712
13.208333333333332,5.0082810452520645,-4.5946804428337627e-7,-4.5946804428337627e-7,4.3396939690525285e-6,-4.5946803740777606e-7,0.08315387237569687,0.478453850170396,5.753837271807347,1.5843513997496232e-9,1.5843513997496232e-9,4.339693969780487e-6,true,3.0736195272486096e-6,0.9468078799717491
13.291666666666666,5.0082810452520645,-4.1060664610457554e-7,-4.1060664610457554e-7,4.367847210685605e-6,-4.106066449976695e-7,0.08315387234250275,0.480058738367083,5.773137496108029,2.5342141660430086e-10,2.5342141660430086e-10,4.3678472107896616e-6,true,3.1335172105063564e-6,0.9468078806783664
13.374999999999998,5.0082810452520645,-3.641445989353271e-7,-3.641445989353271e-7,4.4227622293850065e-6,-3.6414459876826675e-7,0.08315387233713144,0.48153664153463416,5.790910609458284,3.777286002084295e-11,3.777286002084295e-11,4.4227622293987614e-6,true,3.1897074216409933e-6,0.9468078807927094
13.458333333333332,5.0082810452520645,-3.2031637290802426e-7,-3.2031637290802426e-7,4.526698682030864e-6,-3.2031637288365883e-7,0.08315387233632564,0.4828902702117922,5.8071892101270475,5.382600620957235e-12,5.382600620957235e-12,4.526698682032587e-6,true,3.242056321846385e-6,0.9468078808098652
13.541666666666666,5.0082810452520645,-2.793463323062551e-7,-2.793463323062551e-7,4.548199175921918e-6,-2.7934633230260067e-7,0.08315387233621194,0.4841220736463288,5.82200275278705,8.034880163077205e-13,8.034880163077205e-13,4.548199175922143e-6,true,3.290440144523786e-6,0.9468078808122848
13.624999999999998,5.0082810452520645,-2.4142787681335755e-7,-2.4142787681335755e-7,4.630871834042117e-6,-2.414278768127184e-7,0.08315387233619542,0.48523474378470904,5.835383610553695,1.380165967694905e-13,1.380165967694905e-13,4.63087183404215e-6,true,3.334764946660271e-6,0.9468078808126346
13.708333333333332,5.0082810452520645,-2.0670689905565467e-7,-2.0670689905565467e-7,4.670907764321904e-6,-2.067068990555262e-7,0.08315387233619269,0.4862315786541483,5.847371445172207,2.7507727253638575e-14,2.7507727253638575e-14,4.67090776432191e-6,true,3.374982134199835e-6,0.946807880812696
13.791666666666666,5.0082810452520645,-1.7527020518357992e-7,-1.7527020518357992e-7,4.690239245672013e-6,-1.7527020518355197e-7,0.08315387233619216,0.4871167123038154,5.858015972297674,5.96124207158868e-15,5.96124207158868e-15,4.6902392456720135e-6,true,3.411099106096722e-6,0.9468078808127023
13.874999999999998,5.0082810452520645,-1.4713923332667284e-7,-1.4713923332667284e-7,4.727176864491692e-6,-1.4713923332666511e-7,0.08315387233619202,0.4878952216551459,5.867378246470353,1.6340757862656582e-15,1.6340757862656582e-15,4.727176864491692e-6,true,3.4431847139226843e-6,0.9468078808127058
13.958333333333332,5.0082810452520645,-1.2226896582330557e-7,-1.2226896582330557e-7,4.744309844478059e-6,-1.2226896582330538e-7,0.08315387233619201,0.48857312459471297,5.875530638181305,4.0741387510683235e-17,4.0741387510683235e-17,4.744309844478059e-6,true,3.47136963560387e-6,0.9468078808127064
14.041666666666666,5.0082810452520645,-1.0055154906636647e-7,-1.0055154906636647e-7,4.806800187023312e-6,-1.005515490663673e-7,0.08315387233619202,0.4891572875232243,5.882555722066147,-1.7328470310795076e-16,-1.7328470310795076e-16,4.806800187023312e-6,true,3.495842158605918e-6,0.9468078808127056
14.124999999999998,5.0082810452520645,-8.182380129402353e-8,-8.182380129402353e-8,4.804016725949987e-6,-8.182380129402308e-8,0.08315387233619202,0.48965526360457107,5.888544331704595,9.229663957527012e-17,9.229663957527012e-17,4.804016725949987e-6,true,3.516840204446136e-6,0.9468078808127058
14.208333333333332,5.0082810452520645,-6.587753199855671e-8,-6.587753199855671e-8,4.808213609856982e-6,-6.587753199855505e-8,0.08315387233619202,0.49007508460971816,5.893593056356283,3.439134269743786e-16,3.439134269743786e-16,4.808213609856982e-6,true,3.5346406592693626e-6,0.9468078808127058
14.291666666666666,5.0082810452520645,-5.2471520334608554e-8,-5.2471520334608554e-8,4.8267337622661125e-6,-5.247152033460699e-8,0.08315387233619202,0.4904250292428496,5.897801454874594,3.238886736839393e-16,3.238886736839393e-16,4.8267337622661125e-6,true,3.5495471800723198e-6,0.9468078808127056
14.374999999999998,5.0082810452520645,-4.13440040782034e-8,-4.13440040782034e-8,4.8411718118442045e-6,-4.1344004078202506e-8,0.08315387233619197,0.4907133891528922,5.901269241785071,1.8431680225543036e-16,1.8431680225543036e-16,4.8411718118442045e-6,true,3.5618776206349595e-6,0.9468078808127104
14.458333333333332,5.0082810452520645,-3.222466877791286e-8,-3.222466877791286e-8,4.849088576131239e-6,-3.2224668777912464e-8,0.08315387233619198,0.4909482506922843,5.904093662738584,8.127329578553263e-17,8.127329578553263e-17,4.849088576131239e-6,true,3.5719520829845232e-6,0.94680788081271
14.541666666666666,5.0082810452520645,-2.4845347725622504e-8,-2.4845347725622504e-8,4.866557329694577e-6,-2.484534772562559e-8,0.08315387233619197,0.4911373062910213,5.906367226114836,-6.344032892280925e-16,-6.344032892280925e-16,4.866557329694577e-6,true,3.580082381294159e-6,0.9468078808127104
14.624999999999998,5.0082810452520645,-1.8948895045862542e-8,-1.8948895045862542e-8,4.871240729493536e-6,-1.8948895045864898e-8,0.08315387233619197,0.4912877045799442,5.908175900620273,-4.8386477765384855e-16,-4.8386477765384855e-16,4.871240729493536e-6,true,3.5865634443245174e-6,0.9468078808127103
14.708333333333332,5.0082810452520645,-1.4295949712890118e-8,-1.4295949712890118e-8,4.876087930116663e-6,-1.4295949712894217e-8,0.083153872336192,0.4914059436551938,5.909597831697294,-8.408420296488046e-16,-8.408420296488046e-16,4.876087930116663e-6,true,3.5916669178796725e-6,0.9468078808127071
14.791666666666666,5.0082810452520645,-1.0669547744232428e-8,-1.0669547744232428e-8,4.879109142286545e-6,-1.0669547744237449e-8,0.08315387233619202,0.49149780759759343,5.910702578112807,-1.0290314561520215e-15,-1.0290314561520215e-15,4.879109142286545e-6,true,3.595636991591507e-6,0.9468078808127056
14.874999999999998,5.0082810452520645,-7.87772800838104e-9,-7.87772800838104e-9,4.881392493111876e-6,-7.877728008381118e-9,0.08315387233619202,0.4915683428962342,5.911550828430671,-1.58961497547563e-17,-1.58961497547563e-17,4.881392493111876e-6,true,3.5986882857602067e-6,0.9468078808127056
14.958333333333332,5.0082810452520645,-5.754394548687181e-9,-5.754394548687181e-9,4.8831011896761354e-6,-5.754394548689933e-9,0.08315387233619202,0.4916218689708501,5.912194527552697,-5.63619486107211e-16,-5.63619486107211e-16,4.8831011896761354e-6,true,3.601005503965847e-6,0.9468078808127054
15.041666666666666,5.0082810452520645,-4.158785362449549e-9,-4.158785362449549e-9,4.884353714318454e-6,-4.15878536245309e-9,0.08315387233619202,0.4916620155840113,5.912677326633886,-7.249096998309357e-16,-7.249096998309357e-16,4.884353714318454e-6,true,3.6027444858701774e-6,0.9468078808127056
15.124999999999998,5.0082810452520645,-2.9739140782783097e-9,-2.9739140782783097e-9,4.885275687324006e-6,-2.9739140782822404e-9,0.08315387233619201,0.4916917794914516,5.913035264353492,-8.045970034711979e-16,-8.045970034711979e-16,4.885275687324006e-6,true,3.604034274834063e-6,0.9468078808127064
15.208333333333332,5.0082810452520645,-2.1043308361961123e-9,-2.1043308361961123e-9,4.885938428932677e-6,-2.1043308362001067e-9,0.08315387233619202,0.4917135930158969,5.913297591576895,-8.175126690418766e-16,-8.175126690418766e-16,4.885938428932677e-6,true,3.6049798351561145e-6,0.9468078808127058
15.291666666666666,5.0082810452520645,-1.4735092489733716e-9,-1.4735092489733716e-9,4.886435482416569e-6,-1.4735092489748846e-9,0.08315387233619205,0.4917293981192508,5.913487662140174,-3.0962897412831363e-16,-3.0962897412831363e-16,4.886435482416569e-6,true,3.6056651008263675e-6,0.9468078808127064
15.374999999999998,5.0082810452520645,-1.0211181382479157e-9,-1.0211181382479157e-9,4.886733156873203e-6,-1.0211181382471545e-9,0.08315387233619202,0.49174072075803354,5.913623827041035,1.5575791063569848e-16,1.5575791063569848e-16,4.886733156873203e-6,true,3.606156099284957e-6,0.9468078808127056
15.458333333333332,5.0082810452520645,-7.003497249763703e-10,-7.003497249763703e-10,4.887223786572687e-6,-7.00349724977821e-10,0.08315387233619194,0.49174874163188226,5.913720285253069,-2.96822646997408e-16,-2.96822646997408e-16,4.887223786572687e-6,true,3.606503959431253e-6,0.9468078808127083
15.541666666666666,5.0082810452520645,-4.754465292319756e-10,-4.754465292319756e-10,4.887188514304329e-6,-4.754465292324216e-10,0.08315387233619198,0.49175436071445106,5.913787859767769,-9.124887699160416e-17,-9.124887699160416e-17,4.887188514304329e-6,true,3.6067476754205175e-6,0.94680788081271
15.624999999999998,5.0082810452520645,-3.1949836511947966e-10,-3.1949836511947966e-10,4.8871455656316555e-6,-3.194983651184673e-10,0.08315387233619197,0.4917582540816852,5.913834681005612,2.0714438471143135e-16,2.0714438471143135e-16,4.8871455656316555e-6,true,3.6069165517647256e-6,0.9468078808127104
15.708333333333332,5.0082810452520645,-2.1254391223713974e-10,-2.1254391223713974e-10,4.887249810295044e-6,-2.125439122361888e-10,0.08315387233619197,0.4917609224651889,5.913866770713868,1.9457695508112128e-16,1.9457695508112128e-16,4.887249810295044e-6,true,3.607032298521705e-6,0.9468078808127104
15.791666666666666,5.0082810452520645,-1.3998194786899558e-10,-1.3998194786899558e-10,4.887326282796399e-6,-1.3998194786698396e-10,0.083153872336192,0.4917627316402727,5.913888527669171,4.116016462743678e-16,4.116016462743678e-16,4.887326282796399e-6,true,3.6071107774159527e-6,0.9468078808127071
15.874999999999998,5.0082810452520645,-9.127972564107411e-11,-9.127972564107411e-11,4.887374813164129e-6,-9.127972563776842e-11,0.08315387233619201,0.4917639452208097,5.913903122065112,6.763728631675639e-16,6.763728631675639e-16,4.887374813164129e-6,true,3.6071634214030057e-6,0.9468078808127064
15.95833333333333,5.0082810452520645,-5.893644206634479e-11,-5.893644206634479e-11,4.887403128805328e-6,-5.893644206405281e-11,0.083153872336192,0.4917647507066503,5.913912808755799,4.689555086333967e-16,4.689555086333967e-16,4.887403128805328e-6,true,3.6071983630485537e-6,0.9468078808127073
16.041666666666668,5.0082810452520645,-3.768301403058255e-11,-3.768301403058255e-11,4.8874245321133775e-6,-3.7683014028888476e-11,0.08315387233619198,0.4917652797527567,5.913919171010395,3.4661867359007363e-16,3.4661867359007363e-16,4.8874245321133775e-6,true,3.607221313035907e-6,0.94680788081271
16.125,5.0082810452520645,-2.3859803144221455e-11,-2.3859803144221455e-11,4.887430965619298e-6,-2.3859803143433356e-11,0.08315387233619197,0.4917656236428941,5.913923306598165,1.6125033111149979e-16,1.6125033111149979e-16,4.887430965619298e-6,true,3.6072362310470846e-6,0.9468078808127103
16.208333333333332,5.0082810452520645,-1.4962581492498997e-11,-1.4962581492498997e-11,4.887446825830939e-6,-1.4962581492544976e-11,0.08315387233619197,0.4917658448912352,5.913925967308183,-9.407841407994049e-18,-9.407841407994049e-18,4.887446825830939e-6,true,3.6072458288694316e-6,0.9468078808127106
16.291666666666668,5.0082810452520645,-9.293747173220227e-12,-9.293747173220227e-12,4.887456780214399e-6,-9.293747177144878e-12,0.08315387233619202,0.4917659857932319,5.913927661781241,-8.030046946121709e-16,-8.030046946121709e-16,4.887456780214399e-6,true,3.607251941255521e-6,0.9468078808127054
16.375,5.0082810452520645,-5.717886178467814e-12,-5.717886178467814e-12,4.887459071839838e-6,-5.717886180552272e-12,0.08315387233619204,0.49176607462596955,5.913928730074696,-4.2649116973369633e-16,-4.2649116973369633e-16,4.887459071839838e-6,true,3.607255794861232e-6,0.9468078808127073
16.458333333333332,5.0082810452520645,-3.4847648157577403e-12,-3.4847648157577403e-12,4.8874590431317255e-6,-3.484764813837396e-12,0.08315387233619197,0.49176613007434833,5.913929396891257,3.9291261954752174e-16,3.9291261954752174e-16,4.8874590431317255e-6,true,3.6072582002398862e-6,0.9468078808127104
16.541666666666668,5.0082810452520645,-2.1040264822114913e-12,-2.1040264822114913e-12,4.887460011080317e-6,-2.1040264797062464e-12,0.08315387233619202,0.49176616434362524,5.913929809010087,5.125862750359984e-16,5.125862750359984e-16,4.887460011080317e-6,true,3.607259686859261e-6,0.9468078808127056
16.625,5.0082810452520645,-1.258493399028035e-12,-1.258493399028035e-12,4.887460482835194e-6,-1.2584933979763305e-12,0.08315387233619204,0.4917661853166425,5.913930061229456,2.1518427639145395e-16,2.1518427639145395e-16,4.887460482835194e-6,true,3.60726059668015e-6,0.9468078808127071
16.708333333333332,5.0082810452520645,-7.459917158304125e-13,-7.459917158304125e-13,4.887461221041983e-6,-7.459917171516121e-13,0.083153872336192,0.49176619802811006,5.913930214096273,-2.7032430594773763e-16,-2.7032430594773763e-16,4.887461221041983e-6,true,3.6072611481106092e-6,0.9468078808127071
16.791666666666668,5.0082810452520645,-4.381533873487985e-13,-4.381533873487985e-13,4.887461515293716e-6,-4.381533864732623e-13,0.08315387233619201,0.4917662056585104,5.913930305858689,1.791392517686157e-16,1.791392517686157e-16,4.887461515293716e-6,true,3.6072614791216355e-6,0.9468078808127065
16.875,5.0082810452520645,-2.54603915143226e-13,-2.54603915143226e-13,4.88746162609059e-6,-2.5460391365371156e-13,0.08315387233619205,0.49176621019535005,5.913930360418258,3.047623786718108e-16,3.047623786718108e-16,4.88746162609059e-6,true,3.6072616759322997e-6,0.9468078808127064
16.958333333333332,5.0082810452520645,-1.4706672963760711e-13,-1.4706672963760711e-13,4.887461727847031e-6,-1.470667277023028e-13,0.08315387233619201,0.49176621286743805,5.913930392552519,3.9597329338137003e-16,3.9597329338137003e-16,4.887461727847031e-6,true,3.607261791848966e-6,0.9468078808127065
17.041666666666668,5.0082810452520645,-8.413208948015675e-14,-8.413208948015675e-14,4.887461813869956e-6,-8.413208713524106e-14,0.08315387233619195,0.4917662144265435,5.913930411302166,4.797818948741612e-16,4.797818948741612e-16,4.887461813869956e-6,true,3.607261859483799e-6,0.9468078808127092
17.125,5.0082810452520645,-4.795841064490166e-14,-4.795841064490166e-14,4.887461833900932e-6,-4.795841081962665e-14,0.08315387233619198,0.49176621532782777,5.9139304221409175,-3.574963822062353e-17,-3.574963822062353e-17,4.887461833900932e-6,true,3.607261898582043e-6,0.9468078808127097
17.208333333333332,5.0082810452520645,-2.6749548816111432e-14,-2.6749548816111432e-14,4.887461852665721e-6,-2.6749550621229227e-14,0.08315387233619197,0.49176621584406366,5.9139304283491185,-3.6933644664118577e-16,-3.6933644664118577e-16,4.887461852665721e-6,true,3.607261920976634e-6,0.9468078808127103
17.291666666666668,5.0082810452520645,-1.5132280524260102e-14,-1.5132280524260102e-14,4.887461850884621e-6,-1.51322823123263e-14,0.083153872336192,0.491766216137062,5.913930431872685,-3.658476020714769e-16,-3.658476020714769e-16,4.887461850884621e-6,true,3.607261933687091e-6,0.9468078808127068
17.375,5.0082810452520645,-8.299047777479401e-15,-8.299047777479401e-15,4.887461866971377e-6,-8.299047839329657e-15,0.08315387233619198,0.4917662163018586,5.913930433854513,-1.2654882586542829e-17,-1.2654882586542829e-17,4.887461866971377e-6,true,3.60726194083605e-6,0.9468078808127097
17.458333333333332,5.0082810452520645,-4.4969202897854855e-15,-4.4969202897854855e-15,4.887461871272683e-6,-4.496919886923476e-15,0.08315387233619198,0.4917662163937184,5.91393043495921,8.242765269893306e-17,8.242765269893306e-17,4.887461871272683e-6,true,3.6072619448209733e-6,0.94680788081271
17.541666666666668,5.0082810452520645,-2.1646451509055534e-15,-2.1646451509055534e-15,4.887461862992357e-6,-2.1646447597613727e-15,0.08315387233619204,0.4917662164444696,5.913930435569534,8.003012439968688e-17,8.003012439968688e-17,4.887461862992357e-6,true,3.607261947022612e-6,0.9468078808127071
17.625,5.0082810452520645,-1.2590607435558004e-15,-1.2590607435558004e-15,4.887461873831642e-6,-1.2590613583885082e-15,0.08315387233619197,0.4917662164722616,5.9139304359037626,-1.257979547570115e-16,-1.257979547570115e-16,4.887461873831642e-6,true,3.6072619482282104e-6,0.9468078808127104
17.708333333333332,5.0082810452520645,-6.999437408550056e-16,-6.999437408550056e-16,4.8874618775956165e-6,-6.999434832358645e-16,0.08315387233619201,0.49176621648734775,5.9139304360851845,5.271020984136846e-17,5.271020984136846e-17,4.8874618775956165e-6,true,3.6072619488826903e-6,0.9468078808127064
17.791666666666668,5.0082810452520645,-5.402399171597157e-16,-5.402399171597157e-16,4.8874618679141265e-6,-5.402362884125397e-16,0.08315387233619205,0.4917662164954666,5.9139304361828176,7.424604578238515e-16,7.424604578238515e-16,4.8874618679141265e-6,true,3.6072619492349e-6,0.9468078808127064
17.875,5.0082810452520645,-3.444129285338527e-16,-3.444129285338527e-16,4.88746186829313e-6,-3.4440975277712457e-16,0.083153872336192,0.49176621649979885,5.913930436234921,6.497762670468655e-16,6.497762670468655e-16,4.88746186829313e-6,true,3.607261949422815e-6,0.9468078808127073
17.958333333333332,5.0082810452520645,-1.0100952098831828e-16,-1.0100952098831828e-16,4.887461868854388e-6,-1.0100728542162462e-16,0.08315387233619202,0.49176621650209,5.913930436262472,4.574085187061059e-16,4.574085187061059e-16,4.887461868854388e-6,true,3.607261949522212e-6,0.9468078808127058
18.041666666666668,5.0082810452520645,-2.32096451753114e-17,-2.32096451753114e-17,4.887461866444975e-6,-2.3205868936710588e-17,0.08315387233619202,0.49176621650329133,5.913930436276919,7.726379671092304e-16,7.726379671092304e-16,4.887461866444975e-6,true,3.607261949574326e-6,0.9468078808127056
18.125,5.0082810452520645,1.3591958618469454e-16,1.3591958618469454e-16,4.8874618673661e-6,1.35922880703817e-16,0.08315387233619202,0.4917662165039177,5.913930436284452,6.740756678717914e-16,6.740756678717914e-16,4.8874618673661e-6,true,3.6072619496015023e-6,0.9468078808127056
18.208333333333332,5.0082810452520645,-1.3530717022767285e-17,-1.3530717022767285e-17,4.887461878115535e-6,-1.3528364087061189e-17,0.08315387233619201,0.49176621650423946,5.9139304362883225,4.814228253382755e-16,4.814228253382755e-16,4.887461878115535e-6,true,3.607261949615459e-6,0.9468078808127065
18.291666666666668,5.0082810452520645,1.6367383908848316e-16,1.6367383908848316e-16,4.887461861781013e-6,1.6367586714653537e-16,0.08315387233619204,0.491766216504405,5.913930436290311,4.1495117702331207e-16,4.1495117702331207e-16,4.887461861781013e-6,true,3.6072619496226472e-6,0.9468078808127073
18.375,5.0082810452520645,1.4878490939344495e-16,1.4878490939344495e-16,4.887461867978288e-6,1.487857639492547e-16,0.08315387233619202,0.49176621650448776,5.913930436291308,1.7484654260981703e-16,1.7484654260981703e-16,4.887461867978288e-6,true,3.6072619496262294e-6,0.9468078808127056
18.458333333333332,5.0082810452520645,-1.68882968920763e-18,-1.68882968920763e-18,4.88746188171141e-6,-1.6851748393708195e-18,0.08315387233619202,0.4917662165045301,5.913930436291817,7.478011952352538e-16,7.478011952352538e-16,4.88746188171141e-6,true,3.6072619496280687e-6,0.9468078808127058
18.541666666666668,5.0082810452520645,1.4177935967576984e-16,1.4177935967576984e-16,4.887461866365856e-6,1.4178251500427052e-16,0.08315387233619202,0.4917662165045514,5.913930436292072,6.45596546215962e-16,6.45596546215962e-16,4.887461866365856e-6,true,3.607261949628993e-6,0.9468078808127054
18.625,5.0082810452520645,2.0531679928298345e-16,2.0531679928298345e-16,4.887461868714955e-6,2.0531836055366146e-16,0.08315387233619202,0.49176621650456254,5.9139304362922065,3.1944406318342277e-16,3.1944406318342277e-16,4.887461868714955e-6,true,3.6072619496294726e-6,0.9468078808127056
18.708333333333332,5.0082810452520645,-1.974713732054901e-19,-1.974713732054901e-19,4.8874618756544686e-6,-1.9738883441093551e-19,0.083153872336192,0.4917662165045678,5.913930436292272,1.6887864632913134e-17,1.6887864632913134e-17,4.8874618756544686e-6,true,3.607261949629697e-6,0.9468078808127068
18.791666666666668,5.0082810452520645,-6.316260922517372e-18,-6.316260922517372e-18,4.8874618612280524e-6,-6.317024887950936e-18,0.08315387233619202,0.49176621650457053,5.913930436292302,-1.5631128288173574e-16,-1.5631128288173574e-16,4.8874618612280524e-6,true,3.6072619496298182e-6,0.9468078808127054
18.875,5.0082810452520645,1.4717870325552295e-16,1.4717870325552295e-16,4.887461868464678e-6,1.4717893669622403e-16,0.08315387233619197,0.49176621650457164,5.91393043629232,4.776317593274121e-17,4.776317593274121e-17,4.887461868464678e-6,true,3.6072619496298424e-6,0.9468078808127104
18.958333333333332,5.0082810452520645,1.0490436065909936e-20,1.0490436065909936e-20,4.887461880282996e-6,1.0196199906771404e-20,0.08315387233619193,0.49176621650457236,5.913930436292332,-6.020224123394993e-17,-6.020224123394993e-17,4.887461880282996e-6,true,3.607261949629861e-6,0.9468078808127086
19.041666666666668,5.0082810452520645,-1.401313589923575e-16,-1.401313589923575e-16,4.8874618676836285e-6,-1.4013325639308448e-16,0.08315387233619198,0.4917662165045727,5.913930436292332,-3.8821801138561055e-16,-3.8821801138561055e-16,4.8874618676836285e-6,true,3.6072619496299004e-6,0.94680788081271
19.125,5.0082810452520645,-9.089545638136314e-17,-9.089545638136314e-17,4.8874618633538925e-6,-9.089945884915197e-17,0.08315387233619201,0.4917662165045729,5.913930436292333,-8.189256306705749e-16,-8.189256306705749e-16,4.8874618633538925e-6,true,3.6072619496299266e-6,0.9468078808127065
19.208333333333332,5.0082810452520645,2.2221526183901493e-20,2.2221526183901493e-20,4.8874618767904905e-6,2.5270060409390003e-20,0.08315387233619197,0.491766216504573,5.913930436292336,6.237458833112017e-16,6.237458833112017e-16,4.8874618767904905e-6,true,3.6072619496299e-6,0.9468078808127106
19.291666666666668,5.0082810452520645,3.8024738582442507e-16,3.8024738582442507e-16,4.887461854313018e-6,3.8024690650948927e-16,0.08315387233619202,0.4917662165045731,5.9139304362923335,-9.807031749961119e-17,-9.807031749961119e-17,4.887461854313018e-6,true,3.607261949629927e-6,0.9468078808127056
19.375,5.0082810452520645,9.677461272982523e-17,9.677461272982523e-17,4.887461876828182e-6,9.677715952747754e-17,0.08315387233619204,0.4917662165045732,5.9139304362923335,5.210879831896071e-16,5.210879831896071e-16,4.887461876828182e-6,true,3.6072619496299398e-6,0.9468078808127073
19.458333333333332,5.0082810452520645,-2.4897582077897525e-20,-2.4897582077897525e-20,4.8874618828422775e-6,-2.031689700522222e-20,0.083153872336192,0.49176621650457314,5.913930436292336,9.372318766834924e-16,9.372318766834924e-16,4.8874618828422775e-6,true,3.607261949629927e-6,0.9468078808127071
19.541666666666668,5.0082810452520645,-9.318313618848134e-17,-9.318313618848134e-17,4.887461867506518e-6,-9.317738880342635e-17,0.08315387233619197,0.491766216504573,5.913930436292336,1.1759447358979888e-15,1.1759447358979888e-15,4.887461867506518e-6,true,3.6072619496299e-6,0.9468078808127106
19.625,5.0082810452520645,-1.5424127036592613e-16,-1.5424127036592613e-16,4.887461872531138e-6,-1.5423749230642391e-16,0.08315387233619195,0.4917662165045727,5.9139304362923335,7.730105319987137e-16,7.730105319987137e-16,4.887461872531138e-6,true,3.6072619496298737e-6,0.9468078808127094
19.708333333333332,5.0082810452520645,-5.6717869588922684e-21,-5.6717869588922684e-21,4.887461860342953e-6,-2.1019059314556835e-21,0.08315387233619193,0.4917662165045724,5.913930436292333,7.304161402061737e-16,7.304161402061737e-16,4.887461860342953e-6,true,3.607261949629861e-6,0.9468078808127086
19.791666666666668,5.0082810452520645,2.1352716755809478e-16,2.1352716755809478e-16,4.887461868203219e-6,2.135316886313311e-16,0.08315387233619198,0.4917662165045724,5.913930436292328,9.250349891663514e-16,9.250349891663514e-16,4.887461868203219e-6,true,3.6072619496298873e-6,0.9468078808127101
19.875,5.0082810452520645,1.0045223268897787e-16,1.0045223268897787e-16,4.887461879545893e-6,1.0045483197572338e-16,0.08315387233619195,0.49176621650457214,5.913930436292327,5.318275230730208e-16,5.318275230730208e-16,4.887461879545893e-6,true,3.6072619496298542e-6,0.9468078808127094
19.958333333333332,5.0082810452520645,7.899389610359043e-21,7.899389610359043e-21,4.887461857496068e-6,1.0667885355365221e-20,0.08315387233619197,0.4917662165045723,5.913930436292328,5.664485628179464e-16,5.664485628179464e-16,4.887461857496068e-6,true,3.6072619496298746e-6,0.9468078808127104
20.041666666666668,5.0082810452520645,2.593227371719213e-16,2.593227371719213e-16,4.8874618805573096e-6,2.5932159190576814e-16,0.08315387233619202,0.4917662165045724,5.9139304362923255,-2.343273832493879e-16,-2.343273832493879e-16,4.8874618805573096e-6,true,3.6072619496299017e-6,0.9468078808127056
20.125,5.0082810452520645,-1.0331610866117336e-16,-1.0331610866117336e-16,4.88746187538504e-6,-1.0331459303418998e-16,0.083153872336192,0.4917662165045721,5.913930436292324,3.1010512655172067e-16,3.1010512655172067e-16,4.88746187538504e-6,true,3.6072619496298826e-6,0.9468078808127071
20.208333333333332,5.0082810452520645,-1.6537539958675013e-20,-1.6537539958675013e-20,4.887461867434902e-6,-1.572648528843561e-20,0.08315387233619198,0.49176621650457225,5.913930436292326,1.6594598428346822e-16,1.6594598428346822e-16,4.887461867434902e-6,true,3.6072619496298746e-6,0.94680788081271
20.291666666666668,5.0082810452520645,3.75563939763185e-16,3.75563939763185e-16,4.887461867798537e-6,3.755658681811773e-16,0.083153872336192,0.49176621650457203,5.913930436292323,3.945643044284516e-16,3.945643044284516e-16,4.887461867798537e-6,true,3.6072619496298763e-6,0.9468078808127071
20.375,5.0082810452520645,1.5219775145038087e-16,1.5219775145038087e-16,4.887461870270569e-6,1.5219787897585507e-16,0.08315387233619198,0.4917662165045723,5.913930436292327,2.60923721906519e-17,2.60923721906519e-17,4.887461870270569e-6,true,3.6072619496298805e-6,0.9468078808127101
20.458333333333332,5.0082810452520645,-2.7283697172697595e-20,-2.7283697172697595e-20,4.887461864991709e-6,-2.8308670976485965e-20,0.08315387233619197,0.4917662165045722,5.913930436292326,-2.0971494655132426e-16,-2.0971494655132426e-16,4.887461864991709e-6,true,3.607261949629862e-6,0.9468078808127106
20.541666666666668,5.0082810452520645,-2.714351776738863e-18,-2.714351776738863e-18,4.887461874311553e-6,-2.715898603823413e-18,0.08315387233619198,0.4917662165045723,5.913930436292327,-3.164888288295546e-16,-3.164888288295546e-16,4.887461874311553e-6,true,3.6072619496298805e-6,0.9468078808127101
20.625,5.0082810452520645,-1.2725622021628965e-16,-1.2725622021628965e-16,4.8874618746153455e-6,-1.2725509248629575e-16,0.083153872336192,0.49176621650457264,5.91393043629233,2.3073939456057493e-16,2.3073939456057493e-16,4.8874618746153455e-6,true,3.6072619496299025e-6,0.9468078808127068
20.708333333333332,5.0082810452520645,7.23252887381739e-21,7.23252887381739e-21,4.887461872930128e-6,8.319762239684901e-21,0.08315387233619201,0.4917662165045725,5.913930436292327,2.224535749095662e-16,2.224535749095662e-16,4.887461872930128e-6,true,3.607261949629908e-6,0.9468078808127065
20.791666666666668,5.0082810452520645,4.1700800315651377e-16,4.1700800315651377e-16,4.887461863322651e-6,4.1700854157106827e-16,0.083153872336192,0.4917662165045721,5.913930436292324,1.1016240526237166e-16,1.1016240526237166e-16,4.887461863322651e-6,true,3.6072619496298826e-6,0.9468078808127071
20.875,5.0082810452520645,8.944922385147753e-17,8.944922385147753e-17,4.88746186908943e-6,8.94463826299511e-17,0.08315387233619198,0.49176621650457203,5.913930436292324,-5.813286328425265e-16,-5.813286328425265e-16,4.88746186908943e-6,true,3.607261949629868e-6,0.94680788081271
20.958333333333332,5.0082810452520645,1.6041747751981833e-20,1.6041747751981833e-20,4.887461873425826e-6,1.2013085920945987e-20,0.08315387233619198,0.4917662165045723,5.913930436292327,-8.242850656166836e-16,-8.242850656166836e-16,4.887461873425826e-6,true,3.6072619496298805e-6,0.9468078808127101
21.041666666666668,5.0082810452520645,2.9845621657109026e-16,2.9845621657109026e-16,4.887461862044295e-6,2.984512097348049e-16,0.08315387233619205,0.4917662165045726,5.9139304362923255,-1.0244246250231203e-15,-1.0244246250231203e-15,4.887461862044295e-6,true,3.607261949629928e-6,0.9468078808127064
21.125,5.0082810452520645,2.428934092946342e-16,2.428934092946342e-16,4.887461870592354e-6,2.428905577184074e-16,0.083153872336192,0.49176621650457203,5.913930436292323,-5.834472579591546e-16,-5.834472579591546e-16,4.887461870592354e-6,true,3.6072619496298763e-6,0.9468078808127071
21.208333333333332,5.0082810452520645,2.0454379049468844e-20,2.0454379049468844e-20,4.887461878446951e-6,2.004648244595934e-20,0.08315387233619202,0.4917662165045722,5.913930436292323,-8.34577565317232e-17,-8.34577565317232e-17,4.887461878446951e-6,true,3.607261949629889e-6,0.9468078808127054
21.291666666666668,5.0082810452520645,6.707016692601456e-17,6.707016692601456e-17,4.887461870996096e-6,6.706979050642251e-17,0.08315387233619197,0.4917662165045721,5.9139304362923255,-7.701739716595787e-17,-7.701739716595787e-17,4.887461870996096e-6,true,3.607261949629862e-6,0.9468078808127106
21.375,5.0082810452520645,2.678552487908735e-16,2.678552487908735e-16,4.887461870827731e-6,2.6785777795935985e-16,0.083153872336192,0.4917662165045721,5.913930436292324,5.174809652175906e-16,5.174809652175906e-16,4.887461870827731e-6,true,3.6072619496298826e-6,0.9468078808127071
21.458333333333332,5.0082810452520645,5.333039325460064e-21,5.333039325460064e-21,4.887461858165291e-6,4.611401477640868e-21,0.083153872336192,0.491766216504572,5.913930436292322,-1.4765083979398911e-16,-1.4765083979398911e-16,4.887461858165291e-6,true,3.6072619496298763e-6,0.9468078808127071
21.541666666666668,5.0082810452520645,9.456585540603834e-17,9.456585540603834e-17,4.8874618752515265e-6,9.456597824791625e-17,0.08315387233619198,0.49176621650457175,5.91393043629232,2.5134084120413468e-17,2.5134084120413468e-17,4.8874618752515265e-6,true,3.6072619496298555e-6,0.94680788081271
21.625,5.0082810452520645,6.616540162594543e-17,6.616540162594543e-17,4.88746187464662e-6,6.61621157473031e-17,0.08315387233619202,0.49176621650457214,5.913930436292322,-6.723077799082746e-16,-6.723077799082746e-16,4.88746187464662e-6,true,3.607261949629889e-6,0.9468078808127054
21.708333333333332,5.0082810452520645,1.6903795682191926e-20,1.6903795682191926e-20,4.8874618701963416e-6,1.53365375572984e-20,0.08315387233619201,0.4917662165045722,5.913930436292324,-3.206691257175096e-16,-3.206691257175096e-16,4.8874618701963416e-6,true,3.6072619496298957e-6,0.9468078808127064
21.791666666666668,5.0082810452520645,2.688440058928282e-16,2.688440058928282e-16,4.8874618700385605e-6,2.68841178381133e-16,0.08315387233619204,0.4917662165045722,5.913930436292322,-5.785235302899664e-16,-5.785235302899664e-16,4.8874618700385605e-6,true,3.6072619496299012e-6,0.9468078808127074
21.875,5.0082810452520645,1.616427606312993e-16,1.616427606312993e-16,4.887461869538385e-6,1.6164217322881476e-16,0.08315387233619204,0.49176621650457236,5.913930436292324,-1.201855892126485e-16,-1.201855892126485e-16,4.887461869538385e-6,true,3.607261949629907e-6,0.9468078808127074
21.958333333333332,5.0082810452520645,-2.325754952920624e-20,-2.325754952920624e-20,4.8874618617875685e-6,-2.4468395311218166e-20,0.08315387233619202,0.4917662165045722,5.913930436292323,-2.477453157187533e-16,-2.477453157187533e-16,4.8874618617875685e-6,true,3.607261949629889e-6,0.9468078808127054
22.041666666666668,5.0082810452520645,3.213560819432616e-16,3.213560819432616e-16,4.887461868247255e-6,3.2135427525194936e-16,0.08315387233619205,0.4917662165045723,5.913930436292322,-3.6965839549073017e-16,-3.6965839549073017e-16,4.887461868247255e-6,true,3.6072619496299152e-6,0.9468078808127065
22.125,5.0082810452520645,2.0220669835413837e-16,2.0220669835413837e-16,4.887461880558059e-6,2.022047564334767e-16,0.08315387233619202,0.4917662165045724,5.9139304362923255,-3.97327019449935e-16,-3.97327019449935e-16,4.887461880558059e-6,true,3.6072619496299017e-6,0.9468078808127056
22.208333333333332,5.0082810452520645,7.673120708691398e-21,7.673120708691398e-21,4.887461863412348e-6,5.507682813580621e-21,0.08315387233619202,0.49176621650457236,5.913930436292325,-4.4305980396927393e-16,-4.4305980396927393e-16,4.887461863412348e-6,true,3.6072619496299017e-6,0.9468078808127056
22.291666666666668,5.0082810452520645,3.4920920136293146e-16,3.4920920136293146e-16,4.887461865040243e-6,3.492055755834799e-16,0.08315387233619198,0.4917662165045724,5.913930436292328,-7.418532464648069e-16,-7.418532464648069e-16,4.887461865040243e-6,true,3.6072619496298873e-6,0.9468078808127101
22.375,5.0082810452520645,1.8587201969738724e-16,1.8587201969738724e-16,4.8874618794598174e-6,1.8586827242274174e-16,0.08315387233619198,0.49176621650457225,5.913930436292326,-7.667117898673653e-16,-7.667117898673653e-16,4.8874618794598174e-6,true,3.6072619496298746e-6,0.94680788081271
22.458333333333332,5.0082810452520645,-2.4758823410352546e-21,-2.4758823410352546e-21,4.8874618659745515e-6,-7.857928133584815e-21,0.08315387233619198,0.4917662165045723,5.913930436292327,-1.101194431821186e-15,-1.101194431821186e-15,4.8874618659745515e-6,true,3.6072619496298805e-6,0.9468078808127101
22.541666666666668,5.0082810452520645,4.529881093899636e-16,4.529881093899636e-16,4.887461860299055e-6,4.529827184443194e-16,0.08315387233619204,0.49176621650457253,5.9139304362923255,-1.1030153888385117e-15,-1.1030153888385117e-15,4.887461860299055e-6,true,3.607261949629914e-6,0.9468078808127073
22.625,5.0082810452520645,4.792480711828992e-16,4.792480711828992e-16,4.88746188286791e-6,4.792412376279969e-16,0.08315387233619202,0.4917662165045728,5.91393043629233,-1.3981807052709107e-15,-1.3981807052709107e-15,4.88746188286791e-6,true,3.607261949629914e-6,0.9468078808127056
22.708333333333332,5.0082810452520645,-6.070395321444375e-21,-6.070395321444375e-21,4.887461869090872e-6,-1.1388125056661176e-20,0.08315387233619201,0.49176621650457264,5.913930436292329,-1.088035032835144e-15,-1.088035032835144e-15,4.887461869090872e-6,true,3.6072619496299144e-6,0.9468078808127065
22.791666666666668,5.0082810452520645,3.901861917946836e-16,3.901861917946836e-16,4.887461860646275e-6,3.901837341453714e-16,0.08315387233619202,0.4917662165045726,5.913930436292327,-5.028477729913163e-16,-5.028477729913163e-16,4.887461860646275e-6,true,3.607261949629908e-6,0.9468078808127058
22.875,5.0082810452520645,3.499684395458005e-16,3.499684395458005e-16,4.8874618803638345e-6,3.499624422283504e-16,0.08315387233619202,0.4917662165045725,5.913930436292326,-1.227082194582376e-15,-1.227082194582376e-15,4.8874618803638345e-6,true,3.6072619496299017e-6,0.9468078808127056
22.958333333333332,5.0082810452520645,3.535667326262309e-21,3.535667326262309e-21,4.887461872711691e-6,-1.4723804683695119e-21,0.08315387233619204,0.49176621650457253,5.9139304362923255,-1.0246725038600099e-15,-1.0246725038600099e-15,4.887461872711691e-6,true,3.607261949629914e-6,0.9468078808127073
23.041666666666668,5.0082810452520645,-1.6294332367153384e-16,-1.6294332367153384e-16,4.887461868622941e-6,-1.629483249114761e-16,0.08315387233619197,0.4917662165045724,5.913930436292329,-1.0232795828776547e-15,-1.0232795828776547e-15,4.887461868622941e-6,true,3.6072619496298746e-6,0.9468078808127104
23.125,5.0082810452520645,2.748764093851234e-16,2.748764093851234e-16,4.887461870185774e-6,2.7487147493112076e-16,0.08315387233619205,0.4917662165045726,5.9139304362923255,-1.009614833569818e-15,-1.009614833569818e-15,4.887461870185774e-6,true,3.607261949629928e-6,0.9468078808127064
23.208333333333332,5.0082810452520645,4.791060553014551e-21,4.791060553014551e-21,4.887461874514989e-6,1.4165126452426608e-21,0.08315387233619204,0.4917662165045724,5.913930436292325,-6.904499706418203e-16,-6.904499706418203e-16,4.887461874514989e-6,true,3.607261949629914e-6,0.9468078808127073
23.291666666666668,5.0082810452520645,1.7820884302604657e-16,1.7820884302604657e-16,4.8874618613428966e-6,1.782038886831181e-16,0.08315387233619201,0.49176621650457236,5.9139304362923255,-1.0136842125863759e-15,-1.0136842125863759e-15,4.8874618613428966e-6,true,3.6072619496299017e-6,0.9468078808127067
23.375,5.0082810452520645,2.7087370120041977e-16,2.7087370120041977e-16,4.887461877651356e-6,2.708681293844182e-16,0.083153872336192,0.49176621650457264,5.91393043629233,-1.1400223962938949e-15,-1.1400223962938949e-15,4.887461877651356e-6,true,3.6072619496299025e-6,0.9468078808127068
23.458333333333332,5.0082810452520645,1.955837397463277e-20,1.955837397463277e-20,4.887461864052513e-6,1.1351129917478592e-20,0.08315387233619202,0.49176621650457264,5.913930436292328,-1.679244623373699e-15,-1.679244623373699e-15,4.887461864052513e-6,true,3.607261949629914e-6,0.9468078808127056
23.541666666666668,5.0082810452520645,-1.3022614116761005e-17,-1.3022614116761005e-17,4.887461862603363e-6,-1.3028750527744777e-17,0.08315387233619205,0.4917662165045728,5.913930436292328,-1.255541456133889e-15,-1.255541456133889e-15,4.887461862603363e-6,true,3.6072619496299415e-6,0.9468078808127062
23.625,5.0082810452520645,4.91840152412515e-16,4.91840152412515e-16,4.887461885157696e-6,4.918358783739343e-16,0.08315387233619205,0.4917662165045728,5.913930436292328,-8.744904167384008e-16,-8.744904167384008e-16,4.887461885157696e-6,true,3.6072619496299415e-6,0.9468078808127062
23.708333333333332,5.0082810452520645,-1.3381921697976738e-20,-1.3381921697976738e-20,4.88746186808407e-6,-2.1216077757385042e-20,0.08315387233619201,0.4917662165045725,5.913930436292327,-1.602908886218966e-15,-1.602908886218966e-15,4.88746186808407e-6,true,3.607261949629908e-6,0.9468078808127065
23.791666666666668,5.0082810452520645,-1.4346307162946247e-16,-1.4346307162946247e-16,4.88746186285584e-6,-1.434706445270338e-16,0.08315387233619202,0.49176621650457214,5.913930436292322,-1.5494540487161338e-15,-1.5494540487161338e-15,4.88746186285584e-6,true,3.607261949629889e-6,0.9468078808127054
23.875,5.0082810452520645,1.282512469690288e-16,1.282512469690288e-16,4.887461878225024e-6,1.282418391648452e-16,0.083153872336192,0.4917662165045724,5.913930436292327,-1.924885435020946e-15,-1.924885435020946e-15,4.887461878225024e-6,true,3.6072619496298957e-6,0.9468078808127068
23.958333333333332,5.0082810452520645,3.443223467961083e-21,3.443223467961083e-21,4.887461877055339e-6,-5.619408645055023e-21,0.08315387233619202,0.4917662165045726,5.913930436292327,-1.8542614430531942e-15,-1.8542614430531942e-15,4.887461877055339e-6,true,3.607261949629908e-6,0.9468078808127058
24.041666666666668,5.0082810452520645,-1.53961511106214e-16,-1.53961511106214e-16,4.887461849154337e-6,-1.5397083396059757e-16,0.08315387233619204,0.49176621650457264,5.913930436292327,-1.907504277542687e-15,-1.907504277542687e-15,4.887461849154337e-6,true,3.6072619496299207e-6,0.9468078808127071
24.125,5.0082810452520645,3.9750754729324495e-16,3.9750754729324495e-16,4.887461883835725e-6,3.9749812310927795e-16,0.083153872336192,0.49176621650457253,5.913930436292329,-1.928236821276723e-15,-1.928236821276723e-15,4.887461883835725e-6,true,3.6072619496299025e-6,0.9468078808127068
24.208333333333332,5.0082810452520645,9.14489281040001e-21,9.14489281040001e-21,4.887461863836447e-6,6.423435303592883e-22,0.08315387233619202,0.4917662165045727,5.913930436292329,-1.7396656008619139e-15,-1.7396656008619139e-15,4.887461863836447e-6,true,3.607261949629914e-6,0.9468078808127056
24.291666666666668,5.0082810452520645,2.249049912017328e-16,2.249049912017328e-16,4.887461862443601e-6,2.248954832187729e-16,0.08315387233619205,0.49176621650457286,5.913930436292329,-1.9453825374995078e-15,-1.9453825374995078e-15,4.887461862443601e-6,true,3.6072619496299415e-6,0.9468078808127062
24.375,5.0082810452520645,3.3691315179602685e-16,3.3691315179602685e-16,4.887461884287597e-6,3.369015650991855e-16,0.08315387233619205,0.49176621650457286,5.913930436292329,-2.3706981487877673e-15,-2.3706981487877673e-15,4.887461884287597e-6,true,3.6072619496299415e-6,0.9468078808127062
24.458333333333332,5.0082810452520645,2.4415433725495156e-20,2.4415433725495156e-20,4.887461868921296e-6,1.4129228721388048e-20,0.08315387233619202,0.49176621650457264,5.913930436292328,-2.1046107939001393e-15,-2.1046107939001393e-15,4.887461868921296e-6,true,3.607261949629914e-6,0.9468078808127056
24.541666666666668,5.0082810452520645,1.816482612268976e-16,1.816482612268976e-16,4.88746186598285e-6,1.8163731845590037e-16,0.08315387233619208,0.4917662165045726,5.913930436292324,-2.238947596372736e-15,-2.238947596372736e-15,4.88746186598285e-6,true,3.607261949629948e-6,0.9468078808127086
24.625,5.0082810452520645,1.9311761064567144e-16,1.9311761064567144e-16,4.887461876256132e-6,1.9310421706049902e-16,0.08315387233619209,0.49176621650457253,5.913930436292322,-2.740396858643405e-15,-2.740396858643405e-15,4.887461876256132e-6,true,3.6072619496299546e-6,0.9468078808127077
24.708333333333332,5.0082810452520645,1.4465204102943874e-20,1.4465204102943874e-20,4.887461855312313e-6,-1.812723565358276e-21,0.08315387233619208,0.4917662165045725,5.913930436292322,-3.330548278470805e-15,-3.330548278470805e-15,4.887461855312313e-6,true,3.607261949629942e-6,0.9468078808127086
24.791666666666668,5.0082810452520645,4.1520305586378634e-16,4.1520305586378634e-16,4.887461870048077e-6,4.1518633025358655e-16,0.08315387233619209,0.49176621650457253,5.913930436292322,-3.4221464319323906e-15,-3.4221464319323906e-15,4.887461870048077e-6,true,3.6072619496299546e-6,0.9468078808127077
24.875,5.0082810452520645,2.06385089582231e-16,2.06385089582231e-16,4.887461884929259e-6,2.0636732261025165e-16,0.0831538723361921,0.4917662165045725,5.91393043629232,-3.635214431881149e-15,-3.635214431881149e-15,4.887461884929259e-6,true,3.6072619496299614e-6,0.9468078808127091
24.958333333333332,5.0082810452520645,1.4885372463512653e-20,1.4885372463512653e-20,4.887461870141401e-6,-4.889442276571034e-21,0.0831538723361921,0.4917662165045723,5.913930436292318,-4.046029465905904e-15,-4.046029465905904e-15,4.887461870141401e-6,true,3.6072619496299554e-6,0.9468078808127091
