r,tau,Dtau,Sr,E,nur,Pi,piR,piEta,piPhi,D,T,mu,alpha,phi,ur,v,n,e,P,ok
0.04999999999999999,0.605,0.03530577743982531,0.0,219.85804996294613,0.0,0.0,0.0,0.0,-0.0,0.058356656925331096,0.5984635863239666,0.10133672240463687,0.1693281341093662,-2.3370900244517534,0.0,0.0,0.05835665692533112,219.85804996294613,73.26824717862159,false
0.14999999999999997,0.605,0.03516181152632697,0.009076898728700914,219.06076407161032,0.0,0.0,0.0,0.0,-0.0,0.05811869673773053,0.5979203845239812,0.10125978828647253,0.16935329670535967,-2.339341905573429,3.107853080248346e-5,3.107853078747447e-5,0.05811869670966285,219.06076378951377,73.00255097927882,false
0.25,0.605,0.034870004786751396,0.016752624371748927,217.44476076608544,0.0,0.0,0.0,0.0,-0.0,0.05763637154834942,0.5968148145428077,0.10110292844392288,0.1694041869945423,-2.3439382493005096,5.7785847512854116e-5,5.7785847416374746e-5,0.05763637145211962,217.4447597980209,72.4640165689294,false
0.35,0.605,0.03443866312383051,0.023097190933648815,215.05612285294643,0.0,0.0,0.0,0.0,-0.0,0.056923410122033904,0.5951693142511898,0.1008686156590346,0.16947885793800055,-2.350812366899792,8.055545055257571e-5,8.055545029120629e-5,0.05692340993734081,215.05612099234185,71.668001339184,false
0.44999999999999996,0.605,0.033873455855779534,0.029098180012075776,211.92630537210766,0.0,0.0,0.0,0.0,-0.0,0.055989183232693446,0.5929923483431007,0.10055705779061963,0.1695756413579187,-2.359967959316186,0.00010298370898362272,0.00010298370843751842,0.055989182935792775,211.9263023754691,70.62498796891647,false
0.55,0.605,0.03318252633334002,0.034686248889032836,208.10039535336082,0.0,0.0,0.0,0.0,-0.0,0.05484715096419838,0.5902982093232402,0.10016898025151755,0.16969216350217017,-2.371396351266842,0.00012501783914985735,0.0001250178381728767,0.054847150535582694,208.100391016961,69.35000209366686,false
0.65,0.605,0.03237565719747956,0.03979185011480312,203.63242642195416,0.0,0.0,0.0,0.0,-0.0,0.0535134829710406,0.5871045043324524,0.09970528834816528,0.16982545290047102,-2.385085962241072,0.00014656650665191727,0.00014656650507766542,0.05351348239625921,203.6324205898017,67.86105084774991,false
0.75,0.605,0.0314640141962006,0.04435868681485182,198.58389588260246,0.0,0.0,0.0,0.0,-0.0,0.05200663503504232,0.5834319323093418,0.09916706062019043,0.1699719455321328,-2.401022058965866,0.00016754141287601948,0.00016754141052456532,0.05200663430512593,198.5838884506855,66.1786286536694,true
0.8500000000000001,0.605,0.030459870122047584,0.048344359044452834,193.02217889145578,0.0,0.0,0.0,0.0,-0.0,0.05034689276371502,0.5793040606416445,0.09855554465014293,0.1701274880431212,-2.419186314346907,0.00018785643835010513,0.00018785643503537448,0.050346891875343094,193.0221698096569,64.32518871588385,false
0.95,0.605,0.029376310668088344,0.051720698293956605,187.0188563197138,0.0,0.0,0.0,0.0,-0.0,0.04855588540179892,0.574747073443671,0.09787215224013113,0.17028734335908408,-2.4395563066704096,0.00020742755043640914,0.00020742754597400086,0.04855588435721161,187.01884559141627,62.324585753497274,false
1.05,0.605,0.02822675547263252,-0.7034843220645599,180.64651000002152,0.0,0.0,0.0,0.0,-0.0,0.04665579416964053,0.5697866941965237,0.09712497192686453,0.1704584766827942,-2.4621056306893565,-0.0029208908502251557,-0.002920878390363788,0.0466555951465489,180.64445520786728,60.200327165610275,false
1.1500000000000001,0.605,0.02702552833444846,0.1191224004097192,173.74523754180592,0.0,0.0,0.0,0.0,-0.0,0.0446702947676834,0.5642674925098417,0.09716787588461662,0.17220179644306174,-2.486111893271817,0.0005142425376234772,0.0005142424696289572,0.04467028886125788,173.74517628400858,57.9011305531318,false
1.25,0.605,0.025785854979636154,0.06082143975671482,167.1026617988503,0.0,0.0,0.0,0.0,-0.0,0.04262124790022505,0.558796415726148,0.09540745743037693,0.17073741839663786,-2.5136033500579544,0.0002729987277792493,0.00027299871760618356,0.04262124631198042,167.1026451946753,55.68754135680433,false
1.35,0.605,0.024521297221320508,0.10794165351147689,159.8545669080449,0.0,0.0,0.0,0.0,-0.0,0.040531069787306626,0.5526368385976544,0.09531641550713177,0.1724756817677994,-2.541784199651489,0.0005064672143165605,0.0005064671493598638,0.04053106458901474,159.85451223914328,53.27209618926949,false
1.45,0.605,0.023244821545808043,0.7025181190315923,152.9705747145897,0.0,0.0,0.0,0.0,-0.0,0.03842119263769925,0.5465877840719717,0.09344182899344977,0.17095484333244054,-2.5733435909012967,0.003444617609069594,0.003444597173384971,0.03842096469850116,152.96815482266265,50.97725537122404,false
1.55,0.605,0.021967735786834815,-0.5363698241090198,145.84846583692587,0.0,0.0,0.0,0.0,-0.0,0.03631030708567738,0.5401135311749694,0.09236712459328267,0.1710142761880935,-2.6061796162457473,-0.002758368010027072,-0.0027583575164356984,0.0363101689512719,145.84698633718997,48.604146238577464,true
1.6500000000000001,0.605,0.020702115182540268,0.09323274185422531,138.58542719718423,0.0,0.0,0.0,0.0,-0.0,0.0342183722025459,0.5332625022554126,0.09207465991274133,0.17266291840006603,-2.6402106544759745,0.0005045891167523926,0.0005045890525156428,0.03421836784637381,138.58538015296335,46.18422127103137,true
1.7500000000000002,0.605,0.019457411929481576,0.6186167726709559,131.80252528371432,0.0,0.0,0.0,0.0,-0.0,0.032161011453688555,0.5266135678449185,0.0900407558982157,0.17098069893393184,-2.677407742971409,0.003520376873871691,0.0035203550599652695,0.03216081216897576,131.80034753302854,43.923150715870484,false
1.8499999999999999,0.605,0.018242038730502085,0.056265986285011366,124.97079961902989,0.0,0.0,0.0,0.0,-0.0,0.030152130133061297,0.51965630742489,0.08879351438526273,0.1708696942894256,-2.715653529941441,0.0003376944971783539,0.0003376944779234251,0.030152128413823562,124.97078061831705,41.647223367327996,true
1.95,0.605,0.017064021241858775,0.05457365963783258,118.32562062476114,0.0,0.0,0.0,0.0,-0.0,0.028204993788196322,0.5126075284159011,0.08750058324287857,0.17069703114443044,-2.75551828339731,0.00034593197615809235,0.0003459319554594391,0.028204992100565728,118.32560174598837,39.432744211329826,true
2.05,0.605,0.015929461652857677,0.05262830309381902,111.89907957177755,0.0,0.0,0.0,0.0,-0.0,0.026329688682409383,0.5055023323695269,0.08616023225460512,0.170444776883089,-2.7969005822743958,0.00035275979356446323,0.00035275977161584404,0.026329687044183248,111.89906100662938,37.29112670585696,true
2.1500000000000004,0.605,0.014843255003011736,-0.3741343358153693,105.71707771967125,0.0,0.0,0.0,0.0,-0.0,0.024534305790102046,0.49837139214108256,0.08478176033898288,0.17011763049790438,-2.839685949028926,-0.0026544279105182155,-0.002654418559034652,0.024534219356352457,105.71608461054669,35.23067693716512,false
2.25,0.605,0.013809626619043301,0.06628473964736135,99.6671742390474,0.0,0.0,0.0,0.0,-0.0,0.02282582912238562,0.4910854572447491,0.08416633541006924,0.1713883687012179,-2.88306982767014,0.0004988239212828218,0.0004988238592228264,0.022825826282564205,99.66714117463778,33.214881063266695,true
2.3500000000000005,0.605,0.012830918044712817,0.07505225537128049,94.17290872319259,0.0,0.0,0.0,0.0,-0.0,0.021208128999525316,0.4841745102036273,0.08188327214033997,0.16911933696365522,-2.9289371868487017,0.0005977552216015551,0.0005977551148092345,0.021208125210574216,94.17286386032305,31.38395145563231,false
2.45,0.605,0.011915148669728712,-0.31876000348151184,88.74737900705665,0.0,0.0,0.0,0.0,-0.0,0.019694460611121838,0.47704524722232444,0.08120673959791569,0.1702285895745854,-2.974127231459164,-0.002693991192596336,-0.0026939814167097373,0.019694389144364968,88.74652027353092,29.5756359567309,false
2.55,0.605,0.01103829174300424,0.4371075279590705,83.64248490422631,0.0,0.0,0.0,0.0,-0.0,0.018245110319015274,0.470032211095141,0.07964320555039928,0.16944201624998503,-3.0218286341275897,0.0039196915329361304,0.003919661422248579,0.01824497016185965,83.64077159071157,27.874169436881694,false
2.6500000000000004,0.605,0.010237202528861759,0.3804315324812756,79.05114590199058,0.0,0.0,0.0,0.0,-0.0,0.016920995915473983,0.46344658278050843,0.07728822799408985,0.1667683630989121,-3.069850603860675,0.0036095884944027062,0.0036095649797352435,0.016920885683631023,79.04977270965374,26.344250667149385,false
2.75,0.605,0.009486468318037712,0.03586390661143266,74.60504188364159,0.0,0.0,0.0,0.0,-0.0,0.015680112922376383,0.45679138555245813,0.07569360018921101,0.16570715338176692,-3.118067557443508,0.00036055688703682,0.00036055686360039594,0.015680111903159193,74.60502895266393,24.86305935650155,false
2.8500000000000005,0.605,0.008790959472376368,-0.24824209010713394,70.45101873248831,0.0,0.0,0.0,0.0,-0.0,0.014530511524589038,0.4502959377352291,0.07408582928486429,0.16452697676439232,-3.1666156658814084,-0.002642863181637155,-0.002642853951848184,0.01453046077903552,70.45036266489944,23.478534178876615,false
2.95,0.605,0.008153830461072636,-0.23344851596512747,66.5033727410244,0.0,0.0,0.0,0.0,-0.0,0.013477405720781217,0.44385219909308066,0.07339572474753586,0.16536073246342975,-3.2141426316405153,-0.0026328958391263458,-0.002632886713371853,0.013477359007389066,66.50275809752848,22.16300047567868,true
3.05,0.605,0.007556549990576587,0.058009387146168476,62.926427331412214,0.0,0.0,0.0,0.0,-0.0,0.012490165273680309,0.43776195943064955,0.07127090425294336,0.162807440705076,-3.263712309779618,0.000691430825257391,0.0006914306599790061,0.01249016228805359,62.926387221943365,20.971193216582893,true
3.1500000000000004,0.605,0.007012319259293194,0.2989476170094816,59.54077645395988,0.0,0.0,0.0,0.0,-0.0,0.011590610345939164,0.4317502955331572,0.07004193000981385,0.16222786813225198,-3.3120025273506024,0.0037658998809295074,0.0037658731772138828,0.011590528157784307,59.5396506551476,19.842570499495665,false
3.25,0.605,0.0065190830959960915,0.2691100233509445,56.579177869277416,0.0,0.0,0.0,0.0,-0.0,0.010775343960324119,0.4262797532221895,0.06745029096420563,0.15823010699982404,-3.3605858551980243,0.003567471391213049,0.003567448690089302,0.010775275392874002,56.57821783307712,18.855690780286277,false
3.3500000000000005,0.605,0.00606557112416466,0.02274493921205452,53.7377522865875,0.0,0.0,0.0,0.0,-0.0,0.010025737395313488,0.42082687698452276,0.0657588025634579,0.15626093807187222,-3.408150182121782,0.0003174589848573392,0.00031745896886054925,0.010025736890115588,53.73774506600256,17.909110593653644,false
3.45,0.605,0.0056523200360607834,0.020921297717677825,51.122246016564546,0.0,0.0,0.0,0.0,-0.0,0.009342677745555014,0.4156112163248805,0.0640654616218892,0.1541475761612017,-3.4549946728474485,0.0003069450845061118,0.0003069450700466535,0.009342677305443522,51.12223959487534,17.037499029993572,false
3.55,0.605,0.005276410691611441,0.019209965460920717,48.71852992201556,0.0,0.0,0.0,0.0,-0.0,0.008721339986134615,0.4106383109970393,0.062369070246879765,0.15188322320790337,-3.5009664009734482,0.00029574271116139826,0.00029574269822801565,0.008721339604734082,48.718524240808534,16.236464997622186,false
3.6500000000000004,0.605,0.004935035670276948,0.017609701744472496,46.51320400488913,0.0,0.0,0.0,0.0,-0.0,0.00815708375252388,0.4059112477480805,0.060672377183817794,0.1494720274947215,-3.545917071284183,0.0002839599171114776,0.000283959905663175,0.008157083423657879,46.51319900443988,15.501543124096802,true
3.75,0.605,0.004625447775924565,-0.16370605714766953,44.492906811572965,0.0,0.0,0.0,0.0,-0.0,0.007645368224668702,0.4014298659913969,0.058982114007533726,0.14693005928163247,-3.5897126947284708,-0.002759673202986555,-0.0027596626944922493,0.007645339112051901,44.492455038074205,14.82813176114645,true
3.8500000000000005,0.605,0.004344789490388006,0.018181233556655584,42.59268575031675,0.0,0.0,0.0,0.0,-0.0,0.007181470232046292,0.3970752292311261,0.05793642009802502,0.1459079182809006,-3.631713775483565,0.0003201614102634053,0.0003201613938546014,0.007181469863984019,42.59267992938768,14.195027901731,true
3.95,0.605,0.004090177277317534,0.18701962176339,40.94177035285547,0.0,0.0,0.0,0.0,-0.0,0.006760623598871957,0.3931696730420416,0.05569965587427883,0.14166824069445172,-3.673478508530037,0.0034261398767974328,0.0034261197682152753,0.0067605839196527885,40.94112960123229,13.644652310591502,true
4.050000000000001,0.605,0.0038624020505779637,0.012332886466248801,39.4178062413864,0.0,0.0,0.0,0.0,-0.0,0.006384135620790023,0.3894610888948157,0.05395583765050915,0.13853973911391534,-3.712936166365091,0.00023466713819973985,0.000234667131738337,0.006384135445007113,39.4178033472633,13.137003522089342,true
4.15,0.605,0.0036569707680352494,0.013389236721185138,38.022204630848314,0.0,0.0,0.0,0.0,-0.0,0.006044579781876445,0.3859678561976276,0.05236623011296615,0.13567510680514547,-3.750658886852485,0.0002641181395157225,0.00026411813030349465,0.006044579571046372,38.02220109450815,12.671917373573503,false
4.25,0.605,0.0034682654389274203,-0.13929156513244795,36.744680177861156,0.0,0.0,0.0,0.0,-0.0,0.005732670146987472,0.3826838263974224,0.050543836513119444,0.13207727378744505,-3.7876075849142383,-0.002843234331366472,-0.002843222839109335,0.005732646975728354,36.74428414090188,12.246050768884583,true
4.3500000000000005,0.605,0.003300026749496397,0.012587210483199971,35.531991601458444,0.0,0.0,0.0,0.0,-0.0,0.005454589668589086,0.3794881819722079,0.049743672445588416,0.1310809527376308,-3.8216113082030634,0.00026569850179146746,0.00026569849241288285,0.005454589476053827,35.5319882570556,11.842046425223465,true
4.45,0.605,0.0031481828490368623,0.013528772199847945,34.52862113662637,0.0,0.0,0.0,0.0,-0.0,0.0052036080149369624,0.3767809566956225,0.04739092900808961,0.12577846137370935,-3.855314461036791,0.00029387187657688494,0.0002938718638873982,0.005203607790243412,34.52861716090086,11.50767516233376,false
4.550000000000001,0.605,0.003012248916707147,-0.13057358558256343,33.53462447519206,0.0,0.0,0.0,0.0,-0.0,0.004978923829268012,0.37403901553539737,0.04655919884247428,0.12447685110022468,-3.885799985536478,-0.0029204084236830515,-0.0029203959699944065,0.004978902597317492,33.534243148618934,11.17629381265009,true
4.65,0.605,0.0028872677955552005,0.15142974452721275,32.660165604354916,0.0,0.0,0.0,0.0,-0.0,0.004772343463727604,0.37157652456262835,0.044965637536476866,0.12101312802094959,-3.91584038893792,0.0034775674742926043,0.0034775464465447363,0.00477231460687987,32.65963900038492,10.884829942051715,false
4.750000000000001,0.605,0.00277705378880752,0.14126106397687077,31.932789884165,0.0,0.0,0.0,0.0,-0.0,0.004590171551747967,0.3694908447496386,0.042633555307041604,0.11538460536398257,-3.9442559007935576,0.00331793385894947,0.0033179155960557523,0.0045901462860800085,31.93232119187772,10.64245348392973,false
4.8500000000000005,0.605,0.0026766257355867315,0.0054132630655695235,31.215214451854656,0.0,0.0,0.0,0.0,-0.0,0.004424174769564845,0.3673991829725254,0.041241792314302694,0.11225335881431944,-3.970499324150063,0.0001300680824888954,0.00013006808138866865,0.004424174732141403,31.21521374776192,10.403474835901067,true
4.95,0.605,0.0025884707190008092,0.002222536770468686,30.593673360128765,0.0,0.0,0.0,0.0,-0.0,0.004278463998348445,0.36555692949634305,0.03973749966309903,0.10870399780917449,-3.994624044875366,5.448727073284512e-5,5.4487270651962514e-5,0.004278463991997363,30.59367323902882,10.196345003337118,false
