r,T0,alpha0
-0.025,0.5099965374081114,3.7639345327427365
0.025,0.5099965374081114,3.7639345327427365
0.07500000000000001,0.5099688375362365,3.76388852252604
0.12500000000000003,0.5099134423961307,3.7637965243111613
0.17500000000000002,0.5098303611938075,3.763658582541923
0.225,0.5097196077350996,3.7634747639010278
0.275,0.5095812004218355,3.7632451573304353
0.325,0.5094151622467437,3.7629698740585407
0.375,0.5092215207870864,3.7626490476341563
0.425,0.5090003081970269,3.7622828339673187
0.475,0.50875156119873,3.76187141137693
0.525,0.5084753210722026,3.761414980645249
0.5750000000000001,0.5081716336438764,3.760913765079248
0.625,0.5078405492739376,3.760368010578856
0.675,0.5074821228424087,3.759777985712108
0.725,0.5070964137339871,3.759143981797236
0.775,0.5066834858216477,3.7584663129917
0.8250000000000001,0.5062434074490142,3.7577453163882324
0.875,0.5057762514115067,3.7569813521178754
0.925,0.5052820949362742,3.7561748034600804
0.975,0.504761019660916,3.755326076959898
1.0250000000000001,0.5042131116110055,3.754435602552282
1.0750000000000002,0.5036384611764196,3.7535038336935562
1.1250000000000002,0.5030371630864877,3.752531247500096
1.1750000000000003,0.5024093163839655,3.75151834489425
1.225,0.5017550243978471,3.7504656507575613
1.2750000000000001,0.5010743947150244,3.7493737140913317
1.3250000000000002,0.5003675391508035,3.74824310818458
1.3750000000000002,0.49963457371829223,3.747074430789458
1.4250000000000003,0.4988756185966682,3.745868304304154
1.475,0.4980907980983397,3.744625375963377
1.5250000000000001,0.49728024063501375,3.7433463180364597
1.5750000000000002,0.4964440786826823,3.7420318280331357
1.6250000000000002,0.49558244874554086,3.7406826289170834
1.6750000000000003,0.49469549131885354,3.7392994693272845
1.725,0.49378335085077785,3.7378831238072676
1.7750000000000001,0.4928461757031646,3.736434393042315
1.8250000000000002,0.4918841181113471,3.7349541041047125
1.8750000000000002,0.4908973341429355,3.733443110707106
1.9250000000000003,0.4898859836556316,3.7319022934640547
1.975,0.4888502302540796,3.7303325601618593
2.0250000000000004,0.4877902412457706,3.728734846036759
2.075,0.48670618759601547,3.7271101140615692
2.125,0.48559824388200457,3.7254593552408606
2.1750000000000003,0.48446658824597105,3.7237835889147717
2.225,0.4833114023474752,3.7220838630715534
2.2750000000000004,0.4821328713148281,3.7203612546689246
2.325,0.48093118369567217,3.718616869964374
2.3750000000000004,0.4797065314067379,3.716851844854471
2.4250000000000003,0.4784591096827946,3.7150673452233245
2.475,0.47718911702481487,3.7132645673002838
2.5250000000000004,0.4758967551473717,3.711444738026987
2.575,0.4745822289252877,3.709609115433891
2.6250000000000004,0.4732457463395563,3.7077589890263796
2.6750000000000003,0.47188751842255483,3.7058956801805785
2.725,0.4705077592025698,3.704020542549003
2.7750000000000004,0.4691066856476545,3.7021349624761593
2.825,0.46768451760883967,3.7002403594242255
2.8750000000000004,0.466241477762718,3.6983381864089524
2.9250000000000003,0.46477779155342386,3.696429930445908
2.975,0.46329368713402796,3.694517113007214
3.0250000000000004,0.46178939530737056,3.6926012904888994
3.075,0.46026514946635216,3.690684054689036
3.1250000000000004,0.458721185533705,3.6887670332967812
3.1750000000000003,0.45715774190126673,3.6868518903924885
3.225,0.45557505936877735,3.6849403269590364
3.2750000000000004,0.45397338108222196,3.683034081404536
3.325,0.4523529524717418,3.681134930096565
3.3750000000000004,0.4507140211891345,3.6792446879080973
3.4250000000000003,0.449056837044967,3.6773652087753015
3.475,0.4473816519453225,3.675498386267357
3.5250000000000004,0.44568871982820396,3.6736461541684817
3.575,0.4439782965996179,3.6718104870723245
3.6250000000000004,0.4422506400693577,3.6699934009889326
3.6750000000000003,0.44050600988651323,3.6681969539644292
3.725,0.4387446674747249,3.666423246713635
3.7750000000000004,0.4369668759672081,3.664674423265798
3.825,0.4351729001415686,3.662952671623614
3.8750000000000004,0.4333630063544318,3.661260224435759
3.9250000000000003,0.4315374624759083,3.659599359683124
3.975,0.4296965378239187,3.657972401378935
4.0249999999999995,0.42784050309839927,3.6563817202830013
4.075,0.42596963031541113,3.6548297346302614
4.125,0.4240841927411756,3.6533189108738826
4.175,0.42218446482605704,3.6518517644430952
4.225,0.42027072213851613,3.650430860516004
4.2749999999999995,0.4183432412990554,3.6490588148075918
4.325,0.4164022999141789,3.647738294373151
4.375,0.41444817651038734,3.646472018427371
4.425,0.4124811504682316,3.6452627591793147
4.475,0.410501501956445,3.644113342683534
4.5249999999999995,0.4085095118661766,3.643026649707555
4.575,0.40650546174534635,3.642005616615994
4.625,0.4044896337331435,3.641053236271542
4.675,0.4024623104946894,3.6401725589530876
4.725,0.400423775155885,3.639366693291224
4.775,0.3983743112384644,3.6386388072214113
4.825,0.39631420259527456,3.637992128955064
4.875,0.39424373334580115,3.637429947968824
4.925,0.3921631878119613,3.6369556160122984
4.975,0.3900728504541827,3.636572548134558
5.025,0.38797300580778865,3.6362842237296373
5.075,0.3858639384197089,3.6360941876013806
5.125,0.38374593278553454,3.636006051047872
5.175,0.3816192732869376,3.636023492965769
5.225,0.3794842441294721,3.6361502609748513
5.275,0.37734112928077623,3.6363901725630514
5.325,0.375190212409194,3.6367471162523013
5.375,0.37303177682283284,3.6372250527855097
5.425,0.3708661054090773,3.637828016334947
5.475,0.36869348057457346,3.638560115732405
5.525,0.3665141841857031,3.6394255357214176
5.575,0.3643284975095637,3.640428538231883
5.625,0.36213670115547103,3.6415734636774104
5.675,0.3599390750169998,3.642864732275737
5.725,0.35773589821457985,3.6443068453925247
5.775,0.3555274490386617,3.6459043869089123
5.825,0.3533140048934677,3.64766202461314
5.875,0.35109584224134394,3.649584511616601
5.925,0.34887323654772656,3.651676687794674
5.975,0.3466464622267378,3.6539434812526905
6.025,0.34441579258742516,3.6563899098173844
6.075,0.34218149978065765,3.659021082554194
6.125,0.3399438547466916,3.6618422013107774
6.175,0.33770312716342027,3.664858562287103
6.225,0.3354595853953188,3.6680755576324797
6.275,0.3332134964430967,3.671498677069918
6.325,0.3309651258940712,3.6751335095481634
6.375,0.32871473787327027,3.6789857449218037
6.425,0.3264625949952795,3.683061175659822
6.475,0.3242089583168415,3.6873656985829633
6.525,0.32195408729021896,3.691905316630301
6.575,0.31969823971733147,3.6966861406554123
6.625,0.31744167170467597,3.7017143912524824
6.675,0.3151846376190392,3.7069964006128044
6.725,0.31292739004401254,3.7125386144119874
6.775,0.31067017973731637,3.718347593728301
6.825,0.3084132555889433,3.724430016992537
6.875,0.30615686458012703,3.7307926819697546
6.925,0.30390125174314536,3.7374425077733155
6.975,0.3016466601219633,3.7443865369115876
7.025,0.2993933307337239,3.751631937367693
7.075,0.2971415025310928,3.7591860047126846
7.125,0.2948914123654615,3.767056164252549
7.175,0.29264329495101704,3.7752499732093803
7.225,0.2903973828296805,3.78377512293713
7.275,0.28815390633692145,3.7926394411722875
7.325,0.28591309356845207,3.801850894319852
7.375,0.28367517034780365,3.811417589774983
7.425,0.2814403601947912,3.821347778280666
7.475,0.2792088842948681,3.831649856321749
7.525,0.2769809614693746,3.842332368555698
7.575,0.2747568081466813,3.853404010280421
7.625,0.27253663833423164,3.8648736299394617
7.675,0.2703206635914841,3.876750231664923
7.725,0.26810909300375524,3.889042977858416
7.775,0.2659021331569662,3.9017611918103143
7.825,0.26369998811329154,3.9149143603576677
7.875,0.2615028593877122,3.9285121365809883
7.925,0.25931094592547205,3.9425643425402277
7.975,0.25712444408043733,3.957080972050178
8.025,0.25494354759435955,3.9720721934955368
8.075,0.25276844757703976,3.987548352685859
8.125,0.25059933248739225,4.003519975750639
8.175,0.2484363881154086,4.019997772074643
8.225,0.24627979756501706,4.0369926372737375
8.275,0.2441297412378363,4.054515656211306
8.325,0.2419863968178218,4.072578106055423
8.375,0.23984993925679957,4.091191459376862
8.425,0.23772054076088625,4.110367387288034
8.475,0.23559837077779056,4.1301177626229
8.525,0.2334835959849921,4.150454663157904
8.575,0.231376380278795,4.171390374873881
8.625,0.22927688476424896,4.192937395258966
8.675,0.22718526774593628,4.215108436652363
8.725,0.22510168471961686,4.237916429628946
8.775,0.22302628836472718,4.2613745264244915
8.825,0.22095922853772812,4.285496104401394
8.875,0.21890065226629374,4.310294769554644
8.925,0.21685070374433754,4.335784360057773
8.975,0.21480952432786674,4.361978949848523
9.025,0.21277725253166027,4.388892852253788
9.075,0.2107540240267626,4.416540623653507
9.125,0.20873997163878544,4.444937067182994
9.175,0.20673522534701141,4.474097236473203
9.225,0.20473991228429086,4.50403643942834
9.275,0.2027541567377235,4.534770242040222
9.325,0.20077808015011891,4.566314472238593
9.375,0.19881180112222438,4.598685223776744
9.425,0.19685543541571437,4.631898860151479
9.475,0.1949090959569312,4.6659720185565785
9.525,0.19297289284136804,4.70092161386875
9.575000000000001,0.19104693333888595,4.736764842664968
9.625,0.1891313218996549,4.773519187270056
9.675,0.18722616016080862,4.811202419833263
9.725,0.18533154695380596,4.849832606432445
9.775,0.18344757831248495,4.8894281112044755
9.825000000000001,0.18157434748180368,4.930007600500291
9.875,0.1797119449272553,4.971590047062866
9.925,0.1778604583449463,5.014194734226529
9.975,0.17601997267233033,5.057841260135489
10.025,0.1741905700995839,5.102549541979789
10.075000000000001,0.17237233008161515,5.148339820246427
10.125,0.17056532935069355,5.195232662983451
10.175,0.16876964192969074,5.24324897007456
10.225,0.1669853391459202,5.292409977521779
10.275,0.16521248964556481,5.3427372617334195
10.325000000000001,0.16345115940868238,5.394252743814498
10.375,0.16170141176477465,5.446978693856709
10.425,0.15996330740891138,5.500937735224657
10.475,0.15823690441839638,5.556152848835064
10.525,0.1565222582699637,5.612647377425452
10.575000000000001,0.15481942185749265,5.670445029808561
10.625,0.15312844551022967,5.729569885108648
10.675,0.15144937701150543,5.790046396975482
10.725,0.1497822616179347,5.8518993977718425
10.775,0.1481271420790874,5.915154102729926
10.825000000000001,0.14648405865761874,5.979836114071933
10.875,0.14485304914984637,6.045971425089888
10.925,0.14323414890676203,6.113586424179466
10.975,0.14162739085546702,6.182707898822336
11.025,0.14003280552101668,6.253363039511431
11.075000000000001,0.13845042104866506,6.325579443612993
11.125,0.136880263226495,6.3993851191593185
11.175,0.13532235550842212,6.474808488565613
11.225,0.13377671903756183,6.551878392264129
11.275,0.13224337266994549,6.630624092248488
11.325000000000001,0.13072233299857447,6.711075275520858
11.375,0.12921361437779993,6.79326205743414
11.425,0.1277172289480163,6.877214984921158
11.475,0.12623318666065586,6.962965039602571
11.525,0.12476149530347304,7.0505436407646185
11.575000000000001,0.12330216052610667,7.13998264819769
11.625,0.12185518586590678,7.231314364886401
11.675,0.12042057277401566,7.324571539541199
11.725,0.11899832064169119,7.419787368961351
11.775,0.117588426826859,7.516995500218902
11.825000000000001,0.1161908866808841,7.616230032652417
11.875,0.1148056935755489,7.717525519659234
11.925,0.1134328389302254,7.820916970274564
11.975,0.11207231223923242,7.92643985052497
12.025,0.11072410109936394,8.034130084543797
12.075000000000001,0.1093881912375786,8.144024055435416
12.125,0.10806456653883872,8.256158605874713
12.175,0.10675320907408765,8.37057103842791
12.225,0.10545409912835446,8.487299115580223
12.275,0.10416721522897485,8.606381059455504
12.325000000000001,0.10289253417391794,8.727855551212382
12.375,0.10163003106020715,8.851761730101213
12.425,0.10037967931242525,8.97813919216534
12.475,0.09914145071129357,9.107027988569818
12.525,0.09791531542231306,9.238468623540479
12.575000000000001,0.09670124202445925,9.372502051895218
12.625,0.09549919753891896,9.509169676149423
12.675,0.09430914745785987,9.648513343176583
12.725,0.09313105577322246,9.790575340404837
12.775,0.09196488500552466,9.935398391529569
12.825000000000001,0.0908105962326696,10.08302565172179
12.875,0.08966814911874679,10.233500702311497
12.925,0.08853750194281729,10.386867544924646
12.975,0.08741861162767381,10.543170595052073
13.025,0.08631143376856622,10.702454675027985
13.075000000000001,0.08521592266188394,10.864765006395425
13.125,0.08413203133378633,11.030147201635353
13.175,0.08305971156877125,11.19864725523608
13.225,0.08199891393817546,11.37031153407853
13.275,0.08094958782859626,11.545186767113298
13.325000000000001,0.07991168147022727,11.72332003430449
13.375,0.07888514196510009,11.904758754815118
13.425,0.07786991531522373,12.089550674408542
13.475,0.07686594645061419,12.277743852040107
13.525,0.07587317925720613,12.469386645612822
13.575000000000001,0.07489155660464009,12.664527696870534
13.625,0.07392102037391682,12.863215915402188
13.675,0.07296151148491205,13.065500461730256
13.725,0.07201296992374542,13.271430729456169
13.775,0.071075334769995,13.481056326436203
13.825000000000001,0.0701485442237528,13.694427054960089
13.875,0.06923253563251305,13.911592890905784
13.925,0.06832724551788763,14.132603961843156
13.975,0.06743260960214284,14.357510524059508
14.025,0.06654856283455059,14.58636293848056
14.075000000000001,0.06567503941754882,14.819211645460102
14.125,0.06481197283270519,15.056107138412406
14.175,0.06395929586647855,15.297099936261422
14.225,0.06311694063577288,15.542240554681717
14.275,0.06228483861327822,15.791579476106323
14.325000000000001,0.061462920652594205,16.045167118477444
14.375,0.06065111701313026,16.30305380271692
14.425,0.059849357384778645,16.56528971889388
14.475,0.05905757091235594,16.83192489106792
14.525,0.058275686219807006,17.10300914078813
14.575000000000001,0.057503631434169394,17.378592049227834
14.625,0.05674133420929252,17.65872291793779
14.675,0.055988721749307954,17.943450728201327
14.725,0.05524572083184794,18.232824098976117
14.775,0.05451225783100728,18.52689124340988
14.825000000000001,0.053788258740046,18.825699923918307
14.875,0.05307364919382939,19.129297405815866
14.925,0.052368354491001814,19.43773040949235
14.975,0.051672299615891946,19.751045061129954
15.025,0.05098540926014594,20.069286841958572
15.075000000000001,0.05030760784408676,20.392500536048882
15.125,0.04963881953779588,20.720730176646647
15.175,0.048978968281915995,21.05401899105336
15.225,0.04832797780817245,21.39240934406213
15.275,0.047685771659610465,21.735942679961067
15.325000000000001,0.04705227321054715,22.084659463119365
15.375,0.04642740568623594,22.438599117175293
15.425,0.045811092182242066,22.797799962848746
15.475,0.04520325568352727,23.162299154405435
15.525,0.044603819083242666,23.5321326148032
15.575000000000001,0.044012705201228346,23.907334969556008
15.625,0.04342983680221854,24.287939479355007
15.675,0.04285513661375141,24.673977971491137
15.725,0.04228852734378295,25.065480770127866
15.775,0.04172993169800333,25.462476625478946
15.825000000000001,0.04117927239685632,25.864992641949136
15.875,0.0406364721922605,26.27305420530296
15.925,0.040101453884031746,26.686684908931237
15.975,0.039574140336007764,27.105906479289782
16.025000000000002,0.03905445449187329,27.53073870059209
16.075000000000003,0.03854231939068706,27.961199338841535
16.125000000000004,0.03803765818210981,28.39730406529619
16.175,0.037540394141334116,28.8390663794639
16.225,0.037050450683716145,29.2864975317319
16.275000000000002,0.036567751379109864,29.739606445741142
16.325000000000003,0.03609221996590425,30.198399640621307
16.375000000000004,0.035623780364763935,30.662881153208893
16.425,0.03516235669207455,31.133052460376064
16.475,0.03470787327309308,31.60891240160477
16.525000000000002,0.0342602546548046,32.09045710194587
16.575000000000003,0.033819425618486235,32.57767989550906
16.625000000000004,0.03338531119197945,33.07057124963536
16.675,0.03295783666167227,33.56911868990863
16.725,0.03253692758419199,34.07330672616965
16.775000000000002,0.032122509797811005,34.58311677969859
16.825000000000003,0.031714509433565886,35.09852711174065
16.875000000000004,0.031312852926092344,35.61951275355028
16.925,0.030917467024177185,36.14604543813676
16.975,0.030528278801029207,36.67809353389648
17.025000000000002,0.03014521566427087,37.21562198032137
17.075000000000003,0.029768205365652403,37.758589954578
17.125000000000004,0.029397176010490772,38.30695997989128
17.175,0.02903205606683487,38.86068398997362
17.225,0.028672774374359673,39.41971261424256
17.275000000000002,0.028319260152991237,39.98399276973072
17.325000000000003,0.027971443011264675,40.55346761338437
17.375000000000004,0.027629252954417545,41.12807649783084
17.425,0.027292620392221092,41.707754930816456
17.475,0.02696147614655129,42.292434538516915
17.525000000000002,0.026635751458702818,42.88204303291811
17.575000000000003,0.026315377996447994,43.47650418346474
17.625000000000004,0.0260002878608432,44.075737793170745
17.675,0.025690413592785726,44.67965967938003
17.725,0.02538568817932349,45.288181659362984
17.775000000000002,0.025086045059720306,45.90121154092791
17.825000000000003,0.024791418131279483,46.518653118220165
17.875000000000004,0.02450174175492861,47.140406172874606
17.925,0.024216950760568137,47.76636648067925
17.975,0.023936980452186733,48.39642582389894
18.025000000000002,0.02366176661274656,49.030472009397286
18.075000000000003,0.0233912455088407,49.66838889268727
18.125000000000004,0.02312535389512643,50.31005640802592
18.175,0.022864029018536836,50.95535060465938
18.225,0.02260720862227393,51.60414368931038
18.275000000000002,0.02235483094958634,52.2563040749865
18.325000000000003,0.022106834747334516,52.91169643617363
18.375000000000004,0.021863159269346552,53.57018177046388
18.425,0.021623744279567765,54.23161746665119
18.475,0.021388530055007036,54.89585737931176
18.525000000000002,0.021157457388483195,55.56275190986949
18.575000000000003,0.02093046759117438,56.232148094129336
18.625000000000004,0.020707502494973645,56.90388969624348
18.675,0.020488504454654,57.57781730905685
18.725,0.02027341634984583,58.25376846076089
18.775000000000002,0.020062181586830295,58.93157772776359
18.825000000000003,0.019854744100151395,59.61107685366788
18.875000000000004,0.019651048354050196,60.2920948742288
18.925,0.019451039343724337,60.97445824814188
18.975,0.01925466259641594,61.657990993496604
19.025000000000002,0.019061864172331237,62.342514829708946
19.075000000000003,0.01887259066539499,63.02784932472935
19.125000000000004,0.018686789203842813,63.71381204730432
19.175000000000004,0.018504407450654903,64.40021872405039
19.225,0.018325393603833985,65.08688340108445
19.275000000000002,0.018149696396530697,65.77361860993636
19.325000000000003,0.01797726509701999,66.4602355374521
19.375000000000004,0.017808049508531057,67.14654419938485
19.425000000000004,0.017641999968934334,67.83235361735261
19.475,0.017479067350288733,68.51747199882949
19.525000000000002,0.017319203058251926,69.20170691982598
19.575000000000003,0.01716235903135705,69.88486550990055
19.625000000000004,0.017008487740158902,70.56675463913545
19.675000000000004,0.01685754218625246,71.2471811067017
19.725,0.016709475901167045,71.92595183062816
19.775000000000002,0.016564242945139074,72.60287403838505
19.825000000000003,0.01642179790576643,73.27775545788619
19.875000000000004,0.016282095896547288,73.95040450851188
19.925000000000004,0.016145092555306745,74.62063049174931
19.975,0.016010744042513826,75.28824378104987
20.025000000000002,0.015879007039491917,75.95305601050151
20.075000000000003,0.0157498387465258,76.61488026191502
20.125000000000004,0.015623196880867747,77.2735312499304
20.175000000000004,0.015499039674645783,77.9288255047509
20.225,0.01537732587267704,78.58058155211945
20.275000000000002,0.015258014730188712,79.22862009016198
20.325000000000003,0.015141066010449726,79.8727641627279
20.375000000000004,0.015026439982315684,80.51283932887135
20.425000000000004,0.014914097417689835,81.1486738281268
20.475,0.014803999588902814,81.78009874124632
20.525000000000002,0.014696108266013828,82.4069481460789
20.575000000000003,0.014590385714035946,83.0290592682882
20.625000000000004,0.014486794690087953,83.64627262662158
20.675000000000004,0.014385298440475636,84.25843217245813
20.725,0.014285860697704756,84.86538542338424
20.775000000000002,0.014188445677428382,85.46698359056187
20.825000000000003,0.014093018075331143,86.06308169967352
20.875000000000004,0.013999543063952666,86.65353870525048
20.925000000000004,0.013907986289452732,87.2382175982083
20.975,0.013818313868320593,87.8169855064351
21.025000000000002,0.013730492384030676,88.38971378830067
21.075000000000003,0.013644488883647084,88.95627811897326
21.125000000000004,0.013560270874379235,89.51655856945328
21.175000000000004,0.013477806320090734,90.07043967825547
21.225,0.013397063637763829,90.61781051568985
21.275000000000002,0.013318011693921638,91.15856474071467
21.325000000000003,0.013240619801010267,91.69260065035412
21.375000000000004,0.013164857713742869,92.21982122169536
21.425000000000004,0.01309069562540792,92.74013414649649
21.475,0.013018104164143542,93.25345185846002
21.525000000000002,0.012947054389180028,93.75969155324229
21.575000000000003,0.012877517787052543,94.25877520128827
21.625000000000004,0.012809466267785872,94.75062955359934
21.675000000000004,0.01274287216105316,95.23518614055747
21.725,0.012677708212310583,95.71238126394427
21.775000000000002,0.01261394757890967,96.18215598231029
21.825000000000003,0.012551563826189195,96.64445608986185
21.875000000000004,0.012490530923548336,97.099232089047
21.925000000000004,0.012430823240502854,97.546439157034
21.975,0.012372415542726022,97.98603710628619
22.025000000000002,0.012315282988075903,98.41799033944856
22.075000000000003,0.012259401122610715,98.84226779876835
22.125000000000004,0.012204745876593738,99.25884291028267
22.175000000000004,0.012151293560489473,99.66769352301012
22.225,0.01209902086095245,100.06880184339258
22.275000000000002,0.012047904836810269,100.46215436523562
22.325000000000003,0.011997922915042314,100.84774179540155
22.375000000000004,0.01194905288675551,101.22555897551214
22.425000000000004,0.011901272903158594,101.59560479991941
22.475,0.011854561471536228,101.9578821302045
22.525000000000002,0.011808897451224229,102.31239770646565
22.575000000000003,0.011764260049587314,102.65916205565424
22.625000000000004,0.01172062881800053,102.9981893972181
22.675000000000004,0.011677983647835625,103.32949754630845
22.725,0.011636304766453573,103.65310781480368
22.775000000000002,0.011595572733204386,103.96904491040084
22.825000000000003,0.011555768435435383,104.27733683401982
22.875000000000004,0.011516873084508978,104.57801477576233
22.925000000000004,0.011478868211831077,104.87111300966083
22.975,0.011441735664891114,105.15666878744821
23.025000000000002,0.011405457603314764,105.43472223157099
23.075000000000003,0.011370016494930264,105.705316227664
23.125000000000004,0.011335395111849313,105.96849631669632
23.175000000000004,0.011301576526563502,106.22431058699037
23.225,0.0112685441080571,106.47280956631009
23.275000000000002,0.011236281517937095,106.7140461142045
23.325000000000003,0.01120477270658136,106.9480753147854
23.375000000000004,0.011174001909305654,107.17495437011002
23.425000000000004,0.01114395364255032,107.39474249433104
23.475,0.01111461270008741,107.60750080876653
23.525000000000002,0.011085964149248917,107.81329223803613
23.575000000000003,0.011057993327176873,108.01218140739925
23.625000000000004,0.011030685837095945,108.20423454142325
23.675000000000004,0.011004027544609182,108.38951936410142
23.725,0.010978004574017524,108.56810500053182
23.775000000000002,0.010952603304663695,108.7400618802589
23.825000000000003,0.010927810367301016,108.90546164237378
23.875000000000004,0.010903612640487696,109.06437704245816
23.925000000000004,0.010879997247007136,109.21688186145158
23.975,0.010856951550314716,109.3630508165124
24.025000000000002,0.010834463151011555,109.50295947393573
24.075000000000003,0.010812519883345717,109.63668416418444
24.125000000000004,0.010791109811741246,109.76430189908251
24.175000000000004,0.010770221227355459,109.88589029121255
24.225,0.010749842644664923,110.00152747555292
24.275000000000002,0.010729962798080393,110.11129203338415
24.325000000000003,0.010710570638591151,110.21526291848724
24.375000000000004,0.010691655330438999,110.31351938565167
24.425000000000004,0.010673206247822248,110.40614092150442
24.475,0.010655212971629966,110.49320717766696
24.525000000000002,0.010637665286206766,110.57479790624151
24.575000000000003,0.010620553176148387,110.65099289762304
24.625000000000004,0.01060386682312825,110.72187192063008
24.675000000000004,0.01058759660275527,110.7875146649416
24.725,0.010571733081463064,110.8480006858246
24.775000000000002,0.01055626701343072,110.90340935113325
24.825000000000003,0.010541189337535367,110.9538197905554
24.875000000000004,0.01052649117433659,110.99931084708194
24.925000000000004,0.010512163823092857,111.0399610306689
24.975,0.010498198758810114,111.07584847406079
25.025000000000002,0.010498198758810114,111.07584847406079
